,Unnamed: 0,Year,StateAbbr,StateDesc,LocationName,DataSource,Category,Measure,Data_Value_Unit,Data_Value_Type,Data_Value,Data_Value_Footnote_Symbol,Data_Value_Footnote,Low_Confidence_Limit,High_Confidence_Limit,TotalPopulation,LocationID,CategoryID,MeasureId,DataValueTypeID,Short_Question_Text,Geolocation
0,121,2021,CA,California,Colusa,BRFSS,Health Outcomes,Obesity among adults aged >=18 years,%,Age-adjusted prevalence,33.4,,,25.5,41.7,21917,6011,HLTHOUT,OBESITY,AgeAdjPrv,Obesity,POINT (-122.2375629 39.1777385)
1,217,2021,CA,California,Kern,BRFSS,Health Outcomes,Obesity among adults aged >=18 years,%,Age-adjusted prevalence,36.6,,,30.5,43.0,917673,6029,HLTHOUT,OBESITY,AgeAdjPrv,Obesity,POINT (-118.7295064 35.3466288)
2,1457,2021,CA,California,Kings,BRFSS,Health Outcomes,Obesity among adults aged >=18 years,%,Age-adjusted prevalence,35.1,,,28.0,42.9,153443,6031,HLTHOUT,OBESITY,AgeAdjPrv,Obesity,POINT (-119.8155301 36.072478)
3,1752,2021,CA,California,San Mateo,BRFSS,Health Outcomes,Obesity among adults aged >=18 years,%,Age-adjusted prevalence,21.0,,,16.7,26.0,737888,6081,HLTHOUT,OBESITY,AgeAdjPrv,Obesity,POINT (-122.3715457 37.4146725)
4,1790,2021,CA,California,Mono,BRFSS,Health Outcomes,Obesity among adults aged >=18 years,%,Age-adjusted prevalence,29.6,,,22.6,37.7,13247,6051,HLTHOUT,OBESITY,AgeAdjPrv,Obesity,POINT (-118.8751668 37.9158363)
5,1905,2021,CA,California,Santa Clara,BRFSS,Health Outcomes,Obesity among adults aged >=18 years,%,Age-adjusted prevalence,18.5,,,15.2,22.3,1885508,6085,HLTHOUT,OBESITY,AgeAdjPrv,Obesity,POINT (-121.6895401 37.2216142)
6,2423,2021,CA,California,Lassen,BRFSS,Health Outcomes,Obesity among adults aged >=18 years,%,Age-adjusted prevalence,32.1,,,24.5,40.4,33159,6035,HLTHOUT,OBESITY,AgeAdjPrv,Obesity,POINT (-120.6212225 40.7152866)
7,2697,2021,CA,California,Napa,BRFSS,Health Outcomes,Obesity among adults aged >=18 years,%,Age-adjusted prevalence,28.0,,,21.5,35.2,136207,6055,HLTHOUT,OBESITY,AgeAdjPrv,Obesity,POINT (-122.3259045 38.5070999)
8,2838,2021,CA,California,Mendocino,BRFSS,Health Outcomes,Obesity among adults aged >=18 years,%,Age-adjusted prevalence,31.5,,,24.5,39.4,91305,6045,HLTHOUT,OBESITY,AgeAdjPrv,Obesity,POINT (-123.4428811 39.4323876)
9,3552,2021,CA,California,Nevada,BRFSS,Health Outcomes,Obesity among adults aged >=18 years,%,Age-adjusted prevalence,27.5,,,21.1,34.7,103487,6057,HLTHOUT,OBESITY,AgeAdjPrv,Obesity,POINT (-120.7713429 39.2975082)
10,3592,2021,CA,California,Tehama,BRFSS,Health Outcomes,Obesity among adults aged >=18 years,%,Age-adjusted prevalence,34.2,,,26.6,42.7,65498,6103,HLTHOUT,OBESITY,AgeAdjPrv,Obesity,POINT (-122.2322737 40.1261573)
11,3885,2021,CA,California,San Joaquin,BRFSS,Health Outcomes,Obesity among adults aged >=18 years,%,Age-adjusted prevalence,33.3,,,27.3,39.9,789410,6077,HLTHOUT,OBESITY,AgeAdjPrv,Obesity,POINT (-121.272244 37.9349815)
12,4728,2021,CA,California,Orange,BRFSS,Health Outcomes,Obesity among adults aged >=18 years,%,Age-adjusted prevalence,25.3,,,21.3,29.7,3167809,6059,HLTHOUT,OBESITY,AgeAdjPrv,Obesity,POINT (-117.7772068 33.6756872)
13,4729,2021,CA,California,Madera,BRFSS,Health Outcomes,Obesity among adults aged >=18 years,%,Age-adjusted prevalence,35.9,,,28.2,44.0,159410,6039,HLTHOUT,OBESITY,AgeAdjPrv,Obesity,POINT (-119.7498023 37.2098213)
14,5254,2021,CA,California,Sierra,BRFSS,Health Outcomes,Obesity among adults aged >=18 years,%,Age-adjusted prevalence,29.8,,,22.5,37.7,3283,6091,HLTHOUT,OBESITY,AgeAdjPrv,Obesity,POINT (-120.5219926 39.5769252)
15,5489,2021,CA,California,Stanislaus,BRFSS,Health Outcomes,Obesity among adults aged >=18 years,%,Age-adjusted prevalence,34.8,,,28.5,42.2,552999,6099,HLTHOUT,OBESITY,AgeAdjPrv,Obesity,POINT (-121.0028311 37.5623162)
16,5725,2021,CA,California,Mariposa,BRFSS,Health Outcomes,Obesity among adults aged >=18 years,%,Age-adjusted prevalence,30.0,,,22.5,37.5,17147,6043,HLTHOUT,OBESITY,AgeAdjPrv,Obesity,POINT (-119.9117215 37.5743432)
17,5983,2021,CA,California,El Dorado,BRFSS,Health Outcomes,Obesity among adults aged >=18 years,%,Age-adjusted prevalence,28.1,,,21.7,35.5,193221,6017,HLTHOUT,OBESITY,AgeAdjPrv,Obesity,POINT (-120.5342245 38.7856116)
18,6547,2021,CA,California,Amador,BRFSS,Health Outcomes,Obesity among adults aged >=18 years,%,Age-adjusted prevalence,29.6,,,22.5,37.5,41259,6005,HLTHOUT,OBESITY,AgeAdjPrv,Obesity,POINT (-120.653858 38.4435493)
19,6599,2021,CA,California,Lake,BRFSS,Health Outcomes,Obesity among adults aged >=18 years,%,Age-adjusted prevalence,33.7,,,26.4,42.0,68766,6033,HLTHOUT,OBESITY,AgeAdjPrv,Obesity,POINT (-122.7467569 39.0948019)
20,6959,2021,CA,California,Tulare,BRFSS,Health Outcomes,Obesity among adults aged >=18 years,%,Age-adjusted prevalence,35.5,,,29.0,42.8,477054,6107,HLTHOUT,OBESITY,AgeAdjPrv,Obesity,POINT (-118.7810551 36.2288339)
21,7105,2021,CA,California,Imperial,BRFSS,Health Outcomes,Obesity among adults aged >=18 years,%,Age-adjusted prevalence,38.0,,,30.5,45.9,179851,6025,HLTHOUT,OBESITY,AgeAdjPrv,Obesity,POINT (-115.3554001 33.0408143)
22,7205,2021,CA,California,Monterey,BRFSS,Health Outcomes,Obesity among adults aged >=18 years,%,Age-adjusted prevalence,27.5,,,21.8,34.0,437325,6053,HLTHOUT,OBESITY,AgeAdjPrv,Obesity,POINT (-121.3155781 36.2401044)
23,7421,2021,CA,California,Shasta,BRFSS,Health Outcomes,Obesity among adults aged >=18 years,%,Age-adjusted prevalence,30.9,,,24.2,38.4,182139,6089,HLTHOUT,OBESITY,AgeAdjPrv,Obesity,POINT (-122.0435558 40.7605142)
24,7456,2021,CA,California,Siskiyou,BRFSS,Health Outcomes,Obesity among adults aged >=18 years,%,Age-adjusted prevalence,32.8,,,25.5,40.7,44118,6093,HLTHOUT,OBESITY,AgeAdjPrv,Obesity,POINT (-122.5332868 41.5879861)
25,7982,2021,CA,California,Glenn,BRFSS,Health Outcomes,Obesity among adults aged >=18 years,%,Age-adjusted prevalence,31.8,,,24.9,39.6,28805,6021,HLTHOUT,OBESITY,AgeAdjPrv,Obesity,POINT (-122.4016998 39.6025462)
26,8596,2021,CA,California,San Diego,BRFSS,Health Outcomes,Obesity among adults aged >=18 years,%,Age-adjusted prevalence,23.9,,,20.2,28.0,3286069,6073,HLTHOUT,OBESITY,AgeAdjPrv,Obesity,POINT (-116.7761174 33.0236041)
27,8666,2021,CA,California,Merced,BRFSS,Health Outcomes,Obesity among adults aged >=18 years,%,Age-adjusted prevalence,33.0,,,25.8,40.8,286461,6047,HLTHOUT,OBESITY,AgeAdjPrv,Obesity,POINT (-120.7228019 37.1948063)
28,8691,2021,CA,California,Butte,BRFSS,Health Outcomes,Obesity among adults aged >=18 years,%,Age-adjusted prevalence,31.0,,,23.9,38.5,208309,6007,HLTHOUT,OBESITY,AgeAdjPrv,Obesity,POINT (-121.6032086 39.6653362)
29,9013,2021,CA,California,Alameda,BRFSS,Health Outcomes,Obesity among adults aged >=18 years,%,Age-adjusted prevalence,24.8,,,20.5,29.4,1648556,6001,HLTHOUT,OBESITY,AgeAdjPrv,Obesity,POINT (-121.912488 37.6471385)
30,9654,2021,CA,California,Sacramento,BRFSS,Health Outcomes,Obesity among adults aged >=18 years,%,Age-adjusted prevalence,31.7,,,27.2,37.0,1588921,6067,HLTHOUT,OBESITY,AgeAdjPrv,Obesity,POINT (-121.3443291 38.4501363)
31,9779,2021,CA,California,Sonoma,BRFSS,Health Outcomes,Obesity among adults aged >=18 years,%,Age-adjusted prevalence,28.6,,,22.8,35.0,485887,6097,HLTHOUT,OBESITY,AgeAdjPrv,Obesity,POINT (-122.9261095 38.5251824)
32,9815,2021,CA,California,Solano,BRFSS,Health Outcomes,Obesity among adults aged >=18 years,%,Age-adjusted prevalence,29.9,,,23.6,36.4,451716,6095,HLTHOUT,OBESITY,AgeAdjPrv,Obesity,POINT (-121.939594 38.2672255)
33,10595,2021,CA,California,Marin,BRFSS,Health Outcomes,Obesity among adults aged >=18 years,%,Age-adjusted prevalence,22.9,,,17.5,28.7,260206,6041,HLTHOUT,OBESITY,AgeAdjPrv,Obesity,POINT (-122.7463958 38.0513667)
34,11637,2021,CA,California,Fresno,BRFSS,Health Outcomes,Obesity among adults aged >=18 years,%,Age-adjusted prevalence,36.8,,,30.7,43.2,1013581,6019,HLTHOUT,OBESITY,AgeAdjPrv,Obesity,POINT (-119.6550193 36.7610058)
35,12402,2021,CA,California,Contra Costa,BRFSS,Health Outcomes,Obesity among adults aged >=18 years,%,Age-adjusted prevalence,24.3,,,19.6,29.3,1161413,6013,HLTHOUT,OBESITY,AgeAdjPrv,Obesity,POINT (-121.9515431 37.919479)
36,12626,2021,CA,California,San Benito,BRFSS,Health Outcomes,Obesity among adults aged >=18 years,%,Age-adjusted prevalence,31.0,,,23.7,38.9,66677,6069,HLTHOUT,OBESITY,AgeAdjPrv,Obesity,POINT (-121.0858108 36.6116507)
37,12968,2021,CA,California,Del Norte,BRFSS,Health Outcomes,Obesity among adults aged >=18 years,%,Age-adjusted prevalence,32.7,,,25.0,40.8,28100,6015,HLTHOUT,OBESITY,AgeAdjPrv,Obesity,POINT (-123.9809983 41.7499033)
38,14442,2021,CA,California,Modoc,BRFSS,Health Outcomes,Obesity among adults aged >=18 years,%,Age-adjusted prevalence,33.1,,,25.6,41.6,8661,6049,HLTHOUT,OBESITY,AgeAdjPrv,Obesity,POINT (-120.7183704 41.5929185)
39,14491,2021,CA,California,Santa Cruz,BRFSS,Health Outcomes,Obesity among adults aged >=18 years,%,Age-adjusted prevalence,25.2,,,19.7,31.5,267792,6087,HLTHOUT,OBESITY,AgeAdjPrv,Obesity,POINT (-122.0077889 37.0123466)
40,14707,2021,CA,California,Plumas,BRFSS,Health Outcomes,Obesity among adults aged >=18 years,%,Age-adjusted prevalence,29.5,,,22.2,37.6,19915,6063,HLTHOUT,OBESITY,AgeAdjPrv,Obesity,POINT (-120.8243709 39.9922953)
41,15422,2021,CA,California,Humboldt,BRFSS,Health Outcomes,Obesity among adults aged >=18 years,%,Age-adjusted prevalence,33.2,,,26.4,40.8,136310,6023,HLTHOUT,OBESITY,AgeAdjPrv,Obesity,POINT (-123.9261757 40.7066554)
42,15452,2021,CA,California,Placer,BRFSS,Health Outcomes,Obesity among adults aged >=18 years,%,Age-adjusted prevalence,26.3,,,20.8,32.5,412300,6061,HLTHOUT,OBESITY,AgeAdjPrv,Obesity,POINT (-120.7227181 39.0620323)
43,15498,2021,CA,California,Alpine,BRFSS,Health Outcomes,Obesity among adults aged >=18 years,%,Age-adjusted prevalence,29.1,,,25.7,32.4,1235,6003,HLTHOUT,OBESITY,AgeAdjPrv,Obesity,POINT (-119.7983522 38.6217831)
44,16210,2021,CA,California,Riverside,BRFSS,Health Outcomes,Obesity among adults aged >=18 years,%,Age-adjusted prevalence,36.2,,,31.3,41.5,2458395,6065,HLTHOUT,OBESITY,AgeAdjPrv,Obesity,POINT (-116.0022389 33.7298275)
45,16927,2021,CA,California,San Luis Obispo,BRFSS,Health Outcomes,Obesity among adults aged >=18 years,%,Age-adjusted prevalence,30.5,,,23.9,37.3,283159,6079,HLTHOUT,OBESITY,AgeAdjPrv,Obesity,POINT (-120.4488974 35.3881891)
46,16998,2021,CA,California,San Francisco,BRFSS,Health Outcomes,Obesity among adults aged >=18 years,%,Age-adjusted prevalence,18.7,,,14.8,22.8,815201,6075,HLTHOUT,OBESITY,AgeAdjPrv,Obesity,POINT (-123.0322294 37.7272391)
47,17080,2021,CA,California,Inyo,BRFSS,Health Outcomes,Obesity among adults aged >=18 years,%,Age-adjusted prevalence,29.4,,,22.4,37.1,18970,6027,HLTHOUT,OBESITY,AgeAdjPrv,Obesity,POINT (-117.4042092 36.5621604)
48,17104,2021,CA,California,Calaveras,BRFSS,Health Outcomes,Obesity among adults aged >=18 years,%,Age-adjusted prevalence,30.6,,,23.5,38.4,46221,6009,HLTHOUT,OBESITY,AgeAdjPrv,Obesity,POINT (-120.5541065 38.1910682)
49,17282,2021,CA,California,Trinity,BRFSS,Health Outcomes,Obesity among adults aged >=18 years,%,Age-adjusted prevalence,33.0,,,25.2,41.8,16060,6105,HLTHOUT,OBESITY,AgeAdjPrv,Obesity,POINT (-123.114666 40.6478582)
50,17290,2021,CA,California,Sutter,BRFSS,Health Outcomes,Obesity among adults aged >=18 years,%,Age-adjusted prevalence,31.6,,,24.6,39.2,99063,6101,HLTHOUT,OBESITY,AgeAdjPrv,Obesity,POINT (-121.7039397 39.0361898)
51,17400,2021,CA,California,San Bernardino,BRFSS,Health Outcomes,Obesity among adults aged >=18 years,%,Age-adjusted prevalence,38.1,,,33.5,43.5,2194710,6071,HLTHOUT,OBESITY,AgeAdjPrv,Obesity,POINT (-116.1815707 34.8566615)
52,17536,2021,CA,California,Santa Barbara,BRFSS,Health Outcomes,Obesity among adults aged >=18 years,%,Age-adjusted prevalence,30.1,,,23.8,37.0,446475,6083,HLTHOUT,OBESITY,AgeAdjPrv,Obesity,POINT (-120.0383645 34.5366774)
53,17754,2021,CA,California,Los Angeles,BRFSS,Health Outcomes,Obesity among adults aged >=18 years,%,Age-adjusted prevalence,28.5,,,25.2,31.8,9829544,6037,HLTHOUT,OBESITY,AgeAdjPrv,Obesity,POINT (-118.2618616 34.1963983)
54,22491,2021,CA,California,Tuolumne,BRFSS,Health Outcomes,Obesity among adults aged >=18 years,%,Age-adjusted prevalence,29.5,,,22.6,37.1,55810,6109,HLTHOUT,OBESITY,AgeAdjPrv,Obesity,POINT (-119.9647335 38.0214344)
55,25818,2021,CA,California,Ventura,BRFSS,Health Outcomes,Obesity among adults aged >=18 years,%,Age-adjusted prevalence,27.0,,,21.7,33.0,839784,6111,HLTHOUT,OBESITY,AgeAdjPrv,Obesity,POINT (-119.1331453 34.3587477)
56,28491,2021,CA,California,Yolo,BRFSS,Health Outcomes,Obesity among adults aged >=18 years,%,Age-adjusted prevalence,27.8,,,22.0,34.2,216986,6113,HLTHOUT,OBESITY,AgeAdjPrv,Obesity,POINT (-121.90275 38.6796091)
57,30507,2021,CA,California,Yuba,BRFSS,Health Outcomes,Obesity among adults aged >=18 years,%,Age-adjusted prevalence,33.9,,,26.6,41.8,83421,6115,HLTHOUT,OBESITY,AgeAdjPrv,Obesity,POINT (-121.3442587 39.27013)
58,125772,2021,NY,New York,Rensselaer,BRFSS,Health Outcomes,Obesity among adults aged >=18 years,%,Age-adjusted prevalence,36.6,,,31.9,41.4,160232,36083,HLTHOUT,OBESITY,AgeAdjPrv,Obesity,POINT (-73.5138454 42.7104206)
59,125810,2021,NY,New York,Yates,BRFSS,Health Outcomes,Obesity among adults aged >=18 years,%,Age-adjusted prevalence,31.3,,,26.7,36.1,24613,36123,HLTHOUT,OBESITY,AgeAdjPrv,Obesity,POINT (-77.1043238 42.638237)
60,125908,2021,NY,New York,Albany,BRFSS,Health Outcomes,Obesity among adults aged >=18 years,%,Age-adjusted prevalence,32.0,,,28.9,35.3,313743,36001,HLTHOUT,OBESITY,AgeAdjPrv,Obesity,POINT (-73.9740095 42.5882401)
61,126021,2021,NY,New York,Onondaga,BRFSS,Health Outcomes,Obesity among adults aged >=18 years,%,Age-adjusted prevalence,36.4,,,32.5,40.3,473236,36067,HLTHOUT,OBESITY,AgeAdjPrv,Obesity,POINT (-76.1961336 43.0065163)
62,126572,2021,NY,New York,Tompkins,BRFSS,Health Outcomes,Obesity among adults aged >=18 years,%,Age-adjusted prevalence,28.6,,,24.5,33.0,105162,36109,HLTHOUT,OBESITY,AgeAdjPrv,Obesity,POINT (-76.4734835 42.4530063)
63,126610,2021,NY,New York,Westchester,BRFSS,Health Outcomes,Obesity among adults aged >=18 years,%,Age-adjusted prevalence,27.5,,,24.3,30.9,997895,36119,HLTHOUT,OBESITY,AgeAdjPrv,Obesity,POINT (-73.7457526 41.1526862)
64,126777,2021,NY,New York,St. Lawrence,BRFSS,Health Outcomes,Obesity among adults aged >=18 years,%,Age-adjusted prevalence,39.7,,,35.1,44.6,108051,36089,HLTHOUT,OBESITY,AgeAdjPrv,Obesity,POINT (-75.074311 44.4881125)
65,126794,2021,NY,New York,Tioga,BRFSS,Health Outcomes,Obesity among adults aged >=18 years,%,Age-adjusted prevalence,36.6,,,32.3,41.5,47980,36107,HLTHOUT,OBESITY,AgeAdjPrv,Obesity,POINT (-76.2974556 42.1780565)
66,127049,2021,NY,New York,Jefferson,BRFSS,Health Outcomes,Obesity among adults aged >=18 years,%,Age-adjusted prevalence,37.4,,,34.0,40.9,116295,36045,HLTHOUT,OBESITY,AgeAdjPrv,Obesity,POINT (-76.0529678 43.996389)
67,127439,2021,NY,New York,Wyoming,BRFSS,Health Outcomes,Obesity among adults aged >=18 years,%,Age-adjusted prevalence,39.1,,,34.4,44.3,40491,36121,HLTHOUT,OBESITY,AgeAdjPrv,Obesity,POINT (-78.2285667 42.7013627)
68,127939,2021,NY,New York,Schenectady,BRFSS,Health Outcomes,Obesity among adults aged >=18 years,%,Age-adjusted prevalence,35.8,,,31.4,40.4,158089,36093,HLTHOUT,OBESITY,AgeAdjPrv,Obesity,POINT (-74.0435592 42.8175516)
69,129066,2021,NY,New York,Niagara,BRFSS,Health Outcomes,Obesity among adults aged >=18 years,%,Age-adjusted prevalence,35.3,,,31.3,39.8,211653,36063,HLTHOUT,OBESITY,AgeAdjPrv,Obesity,POINT (-78.8129431 43.2726719)
70,129117,2021,NY,New York,Monroe,BRFSS,Health Outcomes,Obesity among adults aged >=18 years,%,Age-adjusted prevalence,32.2,,,29.0,35.2,755160,36055,HLTHOUT,OBESITY,AgeAdjPrv,Obesity,POINT (-77.7005177 43.2503466)
71,129304,2021,NY,New York,Hamilton,BRFSS,Health Outcomes,Obesity among adults aged >=18 years,%,Age-adjusted prevalence,31.6,,,26.9,36.3,5119,36041,HLTHOUT,OBESITY,AgeAdjPrv,Obesity,POINT (-74.5024556 43.6578786)
72,129520,2021,NY,New York,Clinton,BRFSS,Health Outcomes,Obesity among adults aged >=18 years,%,Age-adjusted prevalence,38.2,,,33.7,43.0,79596,36019,HLTHOUT,OBESITY,AgeAdjPrv,Obesity,POINT (-73.7056429 44.752712)
73,129804,2021,NY,New York,Erie,BRFSS,Health Outcomes,Obesity among adults aged >=18 years,%,Age-adjusted prevalence,34.9,,,31.4,38.6,950683,36029,HLTHOUT,OBESITY,AgeAdjPrv,Obesity,POINT (-78.7781922 42.752759)
74,130058,2021,NY,New York,Allegany,BRFSS,Health Outcomes,Obesity among adults aged >=18 years,%,Age-adjusted prevalence,36.5,,,31.6,41.4,46106,36003,HLTHOUT,OBESITY,AgeAdjPrv,Obesity,POINT (-78.0261531 42.2478532)
75,130214,2021,NY,New York,Orange,BRFSS,Health Outcomes,Obesity among adults aged >=18 years,%,Age-adjusted prevalence,35.2,,,31.1,39.4,404525,36071,HLTHOUT,OBESITY,AgeAdjPrv,Obesity,POINT (-74.3062522 41.4024096)
76,130389,2021,NY,New York,Richmond,BRFSS,Health Outcomes,Obesity among adults aged >=18 years,%,Age-adjusted prevalence,32.0,,,27.9,36.5,493494,36085,HLTHOUT,OBESITY,AgeAdjPrv,Obesity,POINT (-74.1398995 40.5612628)
77,130774,2021,NY,New York,Seneca,BRFSS,Health Outcomes,Obesity among adults aged >=18 years,%,Age-adjusted prevalence,38.4,,,33.4,43.7,33688,36099,HLTHOUT,OBESITY,AgeAdjPrv,Obesity,POINT (-76.827088 42.7822943)
78,130959,2021,NY,New York,Queens,BRFSS,Health Outcomes,Obesity among adults aged >=18 years,%,Age-adjusted prevalence,27.1,,,24.4,29.8,2331143,36081,HLTHOUT,OBESITY,AgeAdjPrv,Obesity,POINT (-73.8412089 40.6546581)
79,133221,2021,NY,New York,Schuyler,BRFSS,Health Outcomes,Obesity among adults aged >=18 years,%,Age-adjusted prevalence,34.8,,,30.3,39.6,17752,36097,HLTHOUT,OBESITY,AgeAdjPrv,Obesity,POINT (-76.938603 42.4197755)
80,133417,2021,NY,New York,Delaware,BRFSS,Health Outcomes,Obesity among adults aged >=18 years,%,Age-adjusted prevalence,33.5,,,28.8,38.4,44378,36025,HLTHOUT,OBESITY,AgeAdjPrv,Obesity,POINT (-74.9667281 42.1939865)
81,133961,2021,NY,New York,Sullivan,BRFSS,Health Outcomes,Obesity among adults aged >=18 years,%,Age-adjusted prevalence,37.0,,,33.0,41.1,79806,36105,HLTHOUT,OBESITY,AgeAdjPrv,Obesity,POINT (-74.7715769 41.7199928)
82,134024,2021,NY,New York,Otsego,BRFSS,Health Outcomes,Obesity among adults aged >=18 years,%,Age-adjusted prevalence,29.7,,,25.3,34.3,58123,36077,HLTHOUT,OBESITY,AgeAdjPrv,Obesity,POINT (-75.028841 42.6297762)
83,134028,2021,NY,New York,Saratoga,BRFSS,Health Outcomes,Obesity among adults aged >=18 years,%,Age-adjusted prevalence,29.2,,,25.5,33.3,237359,36091,HLTHOUT,OBESITY,AgeAdjPrv,Obesity,POINT (-73.8553872 43.1061353)
84,134071,2021,NY,New York,Cattaraugus,BRFSS,Health Outcomes,Obesity among adults aged >=18 years,%,Age-adjusted prevalence,41.4,,,36.6,46.0,76426,36009,HLTHOUT,OBESITY,AgeAdjPrv,Obesity,POINT (-78.662332 42.2390986)
85,134658,2021,NY,New York,Montgomery,BRFSS,Health Outcomes,Obesity among adults aged >=18 years,%,Age-adjusted prevalence,35.8,,,31.3,40.3,49558,36057,HLTHOUT,OBESITY,AgeAdjPrv,Obesity,POINT (-74.4353575 42.9008912)
86,135464,2021,NY,New York,Columbia,BRFSS,Health Outcomes,Obesity among adults aged >=18 years,%,Age-adjusted prevalence,30.2,,,26.8,33.8,61778,36021,HLTHOUT,OBESITY,AgeAdjPrv,Obesity,POINT (-73.6267175 42.2476964)
87,135504,2021,NY,New York,Essex,BRFSS,Health Outcomes,Obesity among adults aged >=18 years,%,Age-adjusted prevalence,34.5,,,30.0,39.3,37268,36031,HLTHOUT,OBESITY,AgeAdjPrv,Obesity,POINT (-73.7784307 44.1096005)
88,135615,2021,NY,New York,Livingston,BRFSS,Health Outcomes,Obesity among adults aged >=18 years,%,Age-adjusted prevalence,39.0,,,34.5,43.7,61578,36051,HLTHOUT,OBESITY,AgeAdjPrv,Obesity,POINT (-77.778463 42.7290418)
89,135654,2021,NY,New York,Suffolk,BRFSS,Health Outcomes,Obesity among adults aged >=18 years,%,Age-adjusted prevalence,29.7,,,26.4,32.9,1526344,36103,HLTHOUT,OBESITY,AgeAdjPrv,Obesity,POINT (-72.6922183 40.943554)
90,135699,2021,NY,New York,Nassau,BRFSS,Health Outcomes,Obesity among adults aged >=18 years,%,Age-adjusted prevalence,27.1,,,24.1,30.3,1390907,36059,HLTHOUT,OBESITY,AgeAdjPrv,Obesity,POINT (-73.5894144 40.7296118)
91,136042,2021,NY,New York,Chautauqua,BRFSS,Health Outcomes,Obesity among adults aged >=18 years,%,Age-adjusted prevalence,38.1,,,33.8,43.1,126807,36013,HLTHOUT,OBESITY,AgeAdjPrv,Obesity,POINT (-79.4075949 42.3042159)
92,136484,2021,NY,New York,Cortland,BRFSS,Health Outcomes,Obesity among adults aged >=18 years,%,Age-adjusted prevalence,38.8,,,34.0,43.6,46311,36023,HLTHOUT,OBESITY,AgeAdjPrv,Obesity,POINT (-76.0762398 42.594039)
93,136518,2021,NY,New York,Madison,BRFSS,Health Outcomes,Obesity among adults aged >=18 years,%,Age-adjusted prevalence,36.0,,,31.9,40.6,67658,36053,HLTHOUT,OBESITY,AgeAdjPrv,Obesity,POINT (-75.6635749 42.9100255)
94,136519,2021,NY,New York,Greene,BRFSS,Health Outcomes,Obesity among adults aged >=18 years,%,Age-adjusted prevalence,34.9,,,29.9,39.9,48499,36039,HLTHOUT,OBESITY,AgeAdjPrv,Obesity,POINT (-74.1420253 42.2798211)
95,136578,2021,NY,New York,Chemung,BRFSS,Health Outcomes,Obesity among adults aged >=18 years,%,Age-adjusted prevalence,36.3,,,32.1,40.6,83045,36015,HLTHOUT,OBESITY,AgeAdjPrv,Obesity,POINT (-76.7524712 42.1486972)
96,136664,2021,NY,New York,Putnam,BRFSS,Health Outcomes,Obesity among adults aged >=18 years,%,Age-adjusted prevalence,28.9,,,24.9,33.1,97936,36079,HLTHOUT,OBESITY,AgeAdjPrv,Obesity,POINT (-73.7438608 41.4279067)
97,136699,2021,NY,New York,Bronx,BRFSS,Health Outcomes,Obesity among adults aged >=18 years,%,Age-adjusted prevalence,34.7,,,31.4,38.3,1424948,36005,HLTHOUT,OBESITY,AgeAdjPrv,Obesity,POINT (-73.852939 40.8487111)
98,136719,2021,NY,New York,Herkimer,BRFSS,Health Outcomes,Obesity among adults aged >=18 years,%,Age-adjusted prevalence,33.2,,,28.4,38.0,59937,36043,HLTHOUT,OBESITY,AgeAdjPrv,Obesity,POINT (-74.8410968 43.571009)
99,136871,2021,NY,New York,Kings,BRFSS,Health Outcomes,Obesity among adults aged >=18 years,%,Age-adjusted prevalence,26.5,,,24.0,29.2,2641052,36047,HLTHOUT,OBESITY,AgeAdjPrv,Obesity,POINT (-73.9506398 40.6350451)
100,137338,2021,NY,New York,Orleans,BRFSS,Health Outcomes,Obesity among adults aged >=18 years,%,Age-adjusted prevalence,41.5,,,36.8,46.2,40191,36073,HLTHOUT,OBESITY,AgeAdjPrv,Obesity,POINT (-78.2070281 43.3399059)
101,137405,2021,NY,New York,Fulton,BRFSS,Health Outcomes,Obesity among adults aged >=18 years,%,Age-adjusted prevalence,35.4,,,31.4,39.7,53116,36035,HLTHOUT,OBESITY,AgeAdjPrv,Obesity,POINT (-74.4236782 43.1156093)
102,137446,2021,NY,New York,Dutchess,BRFSS,Health Outcomes,Obesity among adults aged >=18 years,%,Age-adjusted prevalence,32.1,,,27.7,36.6,297112,36027,HLTHOUT,OBESITY,AgeAdjPrv,Obesity,POINT (-73.7400411 41.7547699)
103,137711,2021,NY,New York,New York,BRFSS,Health Outcomes,Obesity among adults aged >=18 years,%,Age-adjusted prevalence,20.1,,,17.8,22.6,1576876,36061,HLTHOUT,OBESITY,AgeAdjPrv,Obesity,POINT (-73.9701871 40.7766419)
104,138145,2021,NY,New York,Cayuga,BRFSS,Health Outcomes,Obesity among adults aged >=18 years,%,Age-adjusted prevalence,40.5,,,35.8,45.0,75880,36011,HLTHOUT,OBESITY,AgeAdjPrv,Obesity,POINT (-76.5745866 43.0085456)
105,138489,2021,NY,New York,Genesee,BRFSS,Health Outcomes,Obesity among adults aged >=18 years,%,Age-adjusted prevalence,39.8,,,35.5,44.1,57853,36037,HLTHOUT,OBESITY,AgeAdjPrv,Obesity,POINT (-78.1927784 43.0009096)
106,138506,2021,NY,New York,Lewis,BRFSS,Health Outcomes,Obesity among adults aged >=18 years,%,Age-adjusted prevalence,43.0,,,38.2,48.0,26573,36049,HLTHOUT,OBESITY,AgeAdjPrv,Obesity,POINT (-75.4441402 43.7826811)
107,139522,2021,NY,New York,Schoharie,BRFSS,Health Outcomes,Obesity among adults aged >=18 years,%,Age-adjusted prevalence,37.0,,,32.2,41.7,29863,36095,HLTHOUT,OBESITY,AgeAdjPrv,Obesity,POINT (-74.4381718 42.591294)
108,139854,2021,NY,New York,Ulster,BRFSS,Health Outcomes,Obesity among adults aged >=18 years,%,Age-adjusted prevalence,29.7,,,25.5,34.2,182951,36111,HLTHOUT,OBESITY,AgeAdjPrv,Obesity,POINT (-74.2654582 41.9472124)
109,139890,2021,NY,New York,Washington,BRFSS,Health Outcomes,Obesity among adults aged >=18 years,%,Age-adjusted prevalence,34.7,,,30.4,39.1,60956,36115,HLTHOUT,OBESITY,AgeAdjPrv,Obesity,POINT (-73.4394282 43.3123766)
110,140090,2021,NY,New York,Wayne,BRFSS,Health Outcomes,Obesity among adults aged >=18 years,%,Age-adjusted prevalence,36.3,,,32.4,40.0,90923,36117,HLTHOUT,OBESITY,AgeAdjPrv,Obesity,POINT (-77.0494024 43.2181139)
111,140143,2021,NY,New York,Rockland,BRFSS,Health Outcomes,Obesity among adults aged >=18 years,%,Age-adjusted prevalence,26.6,,,22.4,30.8,339227,36087,HLTHOUT,OBESITY,AgeAdjPrv,Obesity,POINT (-74.0246616 41.1546276)
112,140575,2021,NY,New York,Oswego,BRFSS,Health Outcomes,Obesity among adults aged >=18 years,%,Age-adjusted prevalence,40.0,,,35.5,44.5,117387,36075,HLTHOUT,OBESITY,AgeAdjPrv,Obesity,POINT (-76.2092618 43.4614431)
113,140813,2021,NY,New York,Warren,BRFSS,Health Outcomes,Obesity among adults aged >=18 years,%,Age-adjusted prevalence,33.5,,,29.2,38.1,65618,36113,HLTHOUT,OBESITY,AgeAdjPrv,Obesity,POINT (-73.8381388 43.5551053)
114,140890,2021,NY,New York,Broome,BRFSS,Health Outcomes,Obesity among adults aged >=18 years,%,Age-adjusted prevalence,34.6,,,30.9,38.4,197240,36007,HLTHOUT,OBESITY,AgeAdjPrv,Obesity,POINT (-75.8302833 42.1619773)
115,141165,2021,NY,New York,Franklin,BRFSS,Health Outcomes,Obesity among adults aged >=18 years,%,Age-adjusted prevalence,39.9,,,35.5,44.5,47456,36033,HLTHOUT,OBESITY,AgeAdjPrv,Obesity,POINT (-74.31067 44.5943758)
116,141528,2021,NY,New York,Ontario,BRFSS,Health Outcomes,Obesity among adults aged >=18 years,%,Age-adjusted prevalence,36.2,,,31.8,40.5,112508,36069,HLTHOUT,OBESITY,AgeAdjPrv,Obesity,POINT (-77.3034967 42.8563575)
117,141743,2021,NY,New York,Steuben,BRFSS,Health Outcomes,Obesity among adults aged >=18 years,%,Age-adjusted prevalence,33.9,,,29.6,38.4,92948,36101,HLTHOUT,OBESITY,AgeAdjPrv,Obesity,POINT (-77.3855253 42.2667252)
118,141977,2021,NY,New York,Chenango,BRFSS,Health Outcomes,Obesity among adults aged >=18 years,%,Age-adjusted prevalence,38.6,,,34.0,43.1,46537,36017,HLTHOUT,OBESITY,AgeAdjPrv,Obesity,POINT (-75.6022407 42.4780238)
119,143267,2021,NY,New York,Oneida,BRFSS,Health Outcomes,Obesity among adults aged >=18 years,%,Age-adjusted prevalence,35.4,,,31.4,39.8,230274,36065,HLTHOUT,OBESITY,AgeAdjPrv,Obesity,POINT (-75.4342824 43.2427273)
120,179348,2021,TX,Texas,Navarro,BRFSS,Health Outcomes,Obesity among adults aged >=18 years,%,Age-adjusted prevalence,39.2,,,31.2,48.1,53591,48349,HLTHOUT,OBESITY,AgeAdjPrv,Obesity,POINT (-96.4769087 32.048448)
121,179498,2021,TX,Texas,Harris,BRFSS,Health Outcomes,Obesity among adults aged >=18 years,%,Age-adjusted prevalence,36.5,,,32.2,40.9,4728030,48201,HLTHOUT,OBESITY,AgeAdjPrv,Obesity,POINT (-95.3930371 29.857273)
122,179550,2021,TX,Texas,Gregg,BRFSS,Health Outcomes,Obesity among adults aged >=18 years,%,Age-adjusted prevalence,39.6,,,31.9,47.6,124201,48183,HLTHOUT,OBESITY,AgeAdjPrv,Obesity,POINT (-94.8162768 32.4864014)
123,179627,2021,TX,Texas,La Salle,BRFSS,Health Outcomes,Obesity among adults aged >=18 years,%,Age-adjusted prevalence,41.4,,,32.8,50.1,6670,48283,HLTHOUT,OBESITY,AgeAdjPrv,Obesity,POINT (-99.0967743 28.3510976)
124,179664,2021,TX,Texas,Howard,BRFSS,Health Outcomes,Obesity among adults aged >=18 years,%,Age-adjusted prevalence,39.6,,,31.6,48.2,34128,48227,HLTHOUT,OBESITY,AgeAdjPrv,Obesity,POINT (-101.4387208 32.3034298)
125,179794,2021,TX,Texas,Reagan,BRFSS,Health Outcomes,Obesity among adults aged >=18 years,%,Age-adjusted prevalence,39.5,,,31.3,48.1,3253,48383,HLTHOUT,OBESITY,AgeAdjPrv,Obesity,POINT (-101.5143954 31.3751911)
126,179956,2021,TX,Texas,Grayson,BRFSS,Health Outcomes,Obesity among adults aged >=18 years,%,Age-adjusted prevalence,37.2,,,29.3,45.1,139336,48181,HLTHOUT,OBESITY,AgeAdjPrv,Obesity,POINT (-96.675693 33.624524)
127,179980,2021,TX,Texas,Jones,BRFSS,Health Outcomes,Obesity among adults aged >=18 years,%,Age-adjusted prevalence,39.1,,,31.0,47.7,19873,48253,HLTHOUT,OBESITY,AgeAdjPrv,Obesity,POINT (-99.8744297 32.7437089)
128,180035,2021,TX,Texas,Jasper,BRFSS,Health Outcomes,Obesity among adults aged >=18 years,%,Age-adjusted prevalence,39.5,,,31.8,48.0,32975,48241,HLTHOUT,OBESITY,AgeAdjPrv,Obesity,POINT (-94.0222943 30.7529323)
129,180296,2021,TX,Texas,Hemphill,BRFSS,Health Outcomes,Obesity among adults aged >=18 years,%,Age-adjusted prevalence,35.4,,,27.4,44.1,3271,48211,HLTHOUT,OBESITY,AgeAdjPrv,Obesity,POINT (-100.2792102 35.8159564)
130,180498,2021,TX,Texas,Hardin,BRFSS,Health Outcomes,Obesity among adults aged >=18 years,%,Age-adjusted prevalence,35.7,,,29.1,42.8,56973,48199,HLTHOUT,OBESITY,AgeAdjPrv,Obesity,POINT (-94.3931782 30.3296483)
131,180766,2021,TX,Texas,Lynn,BRFSS,Health Outcomes,Obesity among adults aged >=18 years,%,Age-adjusted prevalence,40.3,,,32.2,48.7,5688,48305,HLTHOUT,OBESITY,AgeAdjPrv,Obesity,POINT (-101.8184933 33.1784124)
132,180842,2021,TX,Texas,Grimes,BRFSS,Health Outcomes,Obesity among adults aged >=18 years,%,Age-adjusted prevalence,41.3,,,33.4,49.6,30287,48185,HLTHOUT,OBESITY,AgeAdjPrv,Obesity,POINT (-95.988082 30.5432314)
133,180875,2021,TX,Texas,Burleson,BRFSS,Health Outcomes,Obesity among adults aged >=18 years,%,Age-adjusted prevalence,35.9,,,28.2,44.4,18051,48051,HLTHOUT,OBESITY,AgeAdjPrv,Obesity,POINT (-96.6220912 30.4934867)
134,180893,2021,TX,Texas,Collin,BRFSS,Health Outcomes,Obesity among adults aged >=18 years,%,Age-adjusted prevalence,26.7,,,22.1,31.7,1109462,48085,HLTHOUT,OBESITY,AgeAdjPrv,Obesity,POINT (-96.579428 33.1944942)
135,180894,2021,TX,Texas,Menard,BRFSS,Health Outcomes,Obesity among adults aged >=18 years,%,Age-adjusted prevalence,37.8,,,29.5,46.7,1982,48327,HLTHOUT,OBESITY,AgeAdjPrv,Obesity,POINT (-99.8588613 30.8852677)
136,180933,2021,TX,Texas,Brazoria,BRFSS,Health Outcomes,Obesity among adults aged >=18 years,%,Age-adjusted prevalence,37.9,,,33.3,42.7,379689,48039,HLTHOUT,OBESITY,AgeAdjPrv,Obesity,POINT (-95.434647 29.1678175)
137,181049,2021,TX,Texas,Kimble,BRFSS,Health Outcomes,Obesity among adults aged >=18 years,%,Age-adjusted prevalence,36.6,,,32.7,40.8,4365,48267,HLTHOUT,OBESITY,AgeAdjPrv,Obesity,POINT (-99.7463959 30.479472)
138,181119,2021,TX,Texas,Harrison,BRFSS,Health Outcomes,Obesity among adults aged >=18 years,%,Age-adjusted prevalence,38.6,,,31.0,46.7,69150,48203,HLTHOUT,OBESITY,AgeAdjPrv,Obesity,POINT (-94.3744344 32.5479914)
139,181318,2021,TX,Texas,Dallam,BRFSS,Health Outcomes,Obesity among adults aged >=18 years,%,Age-adjusted prevalence,40.1,,,31.6,48.4,7172,48111,HLTHOUT,OBESITY,AgeAdjPrv,Obesity,POINT (-102.5940204 36.2863696)
140,181385,2021,TX,Texas,Armstrong,BRFSS,Health Outcomes,Obesity among adults aged >=18 years,%,Age-adjusted prevalence,33.7,,,26.1,42.5,1839,48011,HLTHOUT,OBESITY,AgeAdjPrv,Obesity,POINT (-101.3566363 34.964179)
141,181391,2021,TX,Texas,Potter,BRFSS,Health Outcomes,Obesity among adults aged >=18 years,%,Age-adjusted prevalence,39.9,,,32.4,47.8,116547,48375,HLTHOUT,OBESITY,AgeAdjPrv,Obesity,POINT (-101.893804 35.3986751)
142,181504,2021,TX,Texas,Kaufman,BRFSS,Health Outcomes,Obesity among adults aged >=18 years,%,Age-adjusted prevalence,36.6,,,29.1,44.3,157768,48257,HLTHOUT,OBESITY,AgeAdjPrv,Obesity,POINT (-96.2883773 32.5989442)
143,181568,2021,TX,Texas,Midland,BRFSS,Health Outcomes,Obesity among adults aged >=18 years,%,Age-adjusted prevalence,35.5,,,28.3,43.4,167969,48329,HLTHOUT,OBESITY,AgeAdjPrv,Obesity,POINT (-102.0024538 31.8142693)
144,181612,2021,TX,Texas,Blanco,BRFSS,Health Outcomes,Obesity among adults aged >=18 years,%,Age-adjusted prevalence,35.5,,,27.6,43.8,11886,48031,HLTHOUT,OBESITY,AgeAdjPrv,Obesity,POINT (-98.399217 30.2664556)
145,181651,2021,TX,Texas,Floyd,BRFSS,Health Outcomes,Obesity among adults aged >=18 years,%,Age-adjusted prevalence,39.9,,,31.8,48.8,5350,48153,HLTHOUT,OBESITY,AgeAdjPrv,Obesity,POINT (-101.3032742 34.0737305)
146,181873,2021,TX,Texas,Collingsworth,BRFSS,Health Outcomes,Obesity among adults aged >=18 years,%,Age-adjusted prevalence,39.3,,,31.3,47.9,2615,48087,HLTHOUT,OBESITY,AgeAdjPrv,Obesity,POINT (-100.2721351 34.9633577)
147,181883,2021,TX,Texas,Donley,BRFSS,Health Outcomes,Obesity among adults aged >=18 years,%,Age-adjusted prevalence,37.4,,,33.2,41.2,3268,48129,HLTHOUT,OBESITY,AgeAdjPrv,Obesity,POINT (-100.8158457 34.9550364)
148,181902,2021,TX,Texas,Kinney,BRFSS,Health Outcomes,Obesity among adults aged >=18 years,%,Age-adjusted prevalence,40.8,,,36.3,45.7,3130,48271,HLTHOUT,OBESITY,AgeAdjPrv,Obesity,POINT (-100.4177003 29.3470865)
149,181948,2021,TX,Texas,Dickens,BRFSS,Health Outcomes,Obesity among adults aged >=18 years,%,Age-adjusted prevalence,39.0,,,30.7,47.5,1740,48125,HLTHOUT,OBESITY,AgeAdjPrv,Obesity,POINT (-100.7876173 33.6153628)
150,181961,2021,TX,Texas,Cameron,BRFSS,Health Outcomes,Obesity among adults aged >=18 years,%,Age-adjusted prevalence,44.6,,,39.7,49.7,423029,48061,HLTHOUT,OBESITY,AgeAdjPrv,Obesity,POINT (-97.4789584 26.1029227)
151,182066,2021,TX,Texas,McLennan,BRFSS,Health Outcomes,Obesity among adults aged >=18 years,%,Age-adjusted prevalence,39.2,,,31.9,46.5,263115,48309,HLTHOUT,OBESITY,AgeAdjPrv,Obesity,POINT (-97.2015108 31.5495958)
152,182380,2021,TX,Texas,Crane,BRFSS,Health Outcomes,Obesity among adults aged >=18 years,%,Age-adjusted prevalence,38.0,,,34.0,42.3,4680,48103,HLTHOUT,OBESITY,AgeAdjPrv,Obesity,POINT (-102.4877739 31.4227965)
153,182518,2021,TX,Texas,Kendall,BRFSS,Health Outcomes,Obesity among adults aged >=18 years,%,Age-adjusted prevalence,32.4,,,24.7,41.0,46788,48259,HLTHOUT,OBESITY,AgeAdjPrv,Obesity,POINT (-98.7092693 29.9435246)
154,182553,2021,TX,Texas,Aransas,BRFSS,Health Outcomes,Obesity among adults aged >=18 years,%,Age-adjusted prevalence,37.6,,,30.5,45.0,24510,48007,HLTHOUT,OBESITY,AgeAdjPrv,Obesity,POINT (-96.9675012 28.1226209)
155,182642,2021,TX,Texas,Gaines,BRFSS,Health Outcomes,Obesity among adults aged >=18 years,%,Age-adjusted prevalence,37.4,,,29.3,46.3,21895,48165,HLTHOUT,OBESITY,AgeAdjPrv,Obesity,POINT (-102.6315614 32.7439423)
156,182718,2021,TX,Texas,Hill,BRFSS,Health Outcomes,Obesity among adults aged >=18 years,%,Age-adjusted prevalence,38.1,,,30.5,47.2,36471,48217,HLTHOUT,OBESITY,AgeAdjPrv,Obesity,POINT (-97.130668 31.9826809)
157,182738,2021,TX,Texas,Fisher,BRFSS,Health Outcomes,Obesity among adults aged >=18 years,%,Age-adjusted prevalence,37.2,,,29.2,46.1,3706,48151,HLTHOUT,OBESITY,AgeAdjPrv,Obesity,POINT (-100.4031198 32.7404728)
158,182752,2021,TX,Texas,Angelina,BRFSS,Health Outcomes,Obesity among adults aged >=18 years,%,Age-adjusted prevalence,43.0,,,38.1,47.9,86506,48005,HLTHOUT,OBESITY,AgeAdjPrv,Obesity,POINT (-94.6111337 31.2518963)
159,182814,2021,TX,Texas,Baylor,BRFSS,Health Outcomes,Obesity among adults aged >=18 years,%,Age-adjusted prevalence,36.7,,,28.5,45.3,3477,48023,HLTHOUT,OBESITY,AgeAdjPrv,Obesity,POINT (-99.2081888 33.6188024)
160,182818,2021,TX,Texas,Hood,BRFSS,Health Outcomes,Obesity among adults aged >=18 years,%,Age-adjusted prevalence,33.2,,,26.0,41.9,64222,48221,HLTHOUT,OBESITY,AgeAdjPrv,Obesity,POINT (-97.8316766 32.430149)
161,182965,2021,TX,Texas,Hunt,BRFSS,Health Outcomes,Obesity among adults aged >=18 years,%,Age-adjusted prevalence,40.5,,,32.7,49.0,103394,48231,HLTHOUT,OBESITY,AgeAdjPrv,Obesity,POINT (-96.0842298 33.1233077)
162,182988,2021,TX,Texas,Real,BRFSS,Health Outcomes,Obesity among adults aged >=18 years,%,Age-adjusted prevalence,39.7,,,34.7,45.0,2826,48385,HLTHOUT,OBESITY,AgeAdjPrv,Obesity,POINT (-99.812549 29.8300967)
163,182994,2021,TX,Texas,Hall,BRFSS,Health Outcomes,Obesity among adults aged >=18 years,%,Age-adjusted prevalence,40.3,,,31.8,49.0,2845,48191,HLTHOUT,OBESITY,AgeAdjPrv,Obesity,POINT (-100.5763434 34.4531894)
164,183131,2021,TX,Texas,Llano,BRFSS,Health Outcomes,Obesity among adults aged >=18 years,%,Age-adjusted prevalence,35.0,,,27.3,43.3,21978,48299,HLTHOUT,OBESITY,AgeAdjPrv,Obesity,POINT (-98.6846901 30.7075845)
165,183151,2021,TX,Texas,Jim Hogg,BRFSS,Health Outcomes,Obesity among adults aged >=18 years,%,Age-adjusted prevalence,43.3,,,39.0,47.8,4801,48247,HLTHOUT,OBESITY,AgeAdjPrv,Obesity,POINT (-98.7475716 27.0532315)
166,183265,2021,TX,Texas,Atascosa,BRFSS,Health Outcomes,Obesity among adults aged >=18 years,%,Age-adjusted prevalence,40.0,,,31.6,48.8,49939,48013,HLTHOUT,OBESITY,AgeAdjPrv,Obesity,POINT (-98.535381 28.8914775)
167,183343,2021,TX,Texas,Galveston,BRFSS,Health Outcomes,Obesity among adults aged >=18 years,%,Age-adjusted prevalence,34.2,,,27.6,41.5,355062,48167,HLTHOUT,OBESITY,AgeAdjPrv,Obesity,POINT (-94.8884558 29.233453)
168,183411,2021,TX,Texas,Medina,BRFSS,Health Outcomes,Obesity among adults aged >=18 years,%,Age-adjusted prevalence,37.7,,,29.6,45.8,51981,48325,HLTHOUT,OBESITY,AgeAdjPrv,Obesity,POINT (-99.1110845 29.3536614)
169,183517,2021,TX,Texas,Haskell,BRFSS,Health Outcomes,Obesity among adults aged >=18 years,%,Age-adjusted prevalence,38.6,,,33.9,43.5,5411,48207,HLTHOUT,OBESITY,AgeAdjPrv,Obesity,POINT (-99.730774 33.1759638)
170,183579,2021,TX,Texas,Ellis,BRFSS,Health Outcomes,Obesity among adults aged >=18 years,%,Age-adjusted prevalence,37.4,,,29.8,45.0,202678,48139,HLTHOUT,OBESITY,AgeAdjPrv,Obesity,POINT (-96.7969403 32.3468783)
171,183626,2021,TX,Texas,Hudspeth,BRFSS,Health Outcomes,Obesity among adults aged >=18 years,%,Age-adjusted prevalence,44.4,,,35.4,53.7,3287,48229,HLTHOUT,OBESITY,AgeAdjPrv,Obesity,POINT (-105.3775489 31.4508678)
172,183713,2021,TX,Texas,Archer,BRFSS,Health Outcomes,Obesity among adults aged >=18 years,%,Age-adjusted prevalence,36.1,,,27.9,45.2,8681,48009,HLTHOUT,OBESITY,AgeAdjPrv,Obesity,POINT (-98.6872669 33.6163054)
173,183838,2021,TX,Texas,Hockley,BRFSS,Health Outcomes,Obesity among adults aged >=18 years,%,Age-adjusted prevalence,38.5,,,30.0,48.1,21363,48219,HLTHOUT,OBESITY,AgeAdjPrv,Obesity,POINT (-102.3433978 33.605932)
174,183899,2021,TX,Texas,Culberson,BRFSS,Health Outcomes,Obesity among adults aged >=18 years,%,Age-adjusted prevalence,42.5,,,34.0,51.0,2193,48109,HLTHOUT,OBESITY,AgeAdjPrv,Obesity,POINT (-104.5269447 31.4459085)
175,183952,2021,TX,Texas,Hale,BRFSS,Health Outcomes,Obesity among adults aged >=18 years,%,Age-adjusted prevalence,41.4,,,33.0,50.3,32220,48189,HLTHOUT,OBESITY,AgeAdjPrv,Obesity,POINT (-101.8228879 34.0684364)
176,183986,2021,TX,Texas,Deaf Smith,BRFSS,Health Outcomes,Obesity among adults aged >=18 years,%,Age-adjusted prevalence,42.6,,,34.2,51.6,18329,48117,HLTHOUT,OBESITY,AgeAdjPrv,Obesity,POINT (-102.6075637 34.9407663)
177,184111,2021,TX,Texas,Newton,BRFSS,Health Outcomes,Obesity among adults aged >=18 years,%,Age-adjusted prevalence,42.1,,,33.5,51.2,12241,48351,HLTHOUT,OBESITY,AgeAdjPrv,Obesity,POINT (-93.73925 30.7867182)
178,184125,2021,TX,Texas,Brown,BRFSS,Health Outcomes,Obesity among adults aged >=18 years,%,Age-adjusted prevalence,37.7,,,29.6,46.5,38192,48049,HLTHOUT,OBESITY,AgeAdjPrv,Obesity,POINT (-98.998456 31.7641372)
179,184210,2021,TX,Texas,Montgomery,BRFSS,Health Outcomes,Obesity among adults aged >=18 years,%,Age-adjusted prevalence,34.4,,,27.7,42.2,648886,48339,HLTHOUT,OBESITY,AgeAdjPrv,Obesity,POINT (-95.50295 30.2988009)
180,184275,2021,TX,Texas,Hidalgo,BRFSS,Health Outcomes,Obesity among adults aged >=18 years,%,Age-adjusted prevalence,44.5,,,39.8,49.4,880356,48215,HLTHOUT,OBESITY,AgeAdjPrv,Obesity,POINT (-98.18099 26.3963839)
181,184408,2021,TX,Texas,Colorado,BRFSS,Health Outcomes,Obesity among adults aged >=18 years,%,Age-adjusted prevalence,38.2,,,29.8,47.4,20630,48089,HLTHOUT,OBESITY,AgeAdjPrv,Obesity,POINT (-96.5089347 29.596296)
182,184415,2021,TX,Texas,Madison,BRFSS,Health Outcomes,Obesity among adults aged >=18 years,%,Age-adjusted prevalence,39.1,,,30.7,48.0,13718,48313,HLTHOUT,OBESITY,AgeAdjPrv,Obesity,POINT (-95.9303719 30.9668782)
183,184447,2021,TX,Texas,Coleman,BRFSS,Health Outcomes,Obesity among adults aged >=18 years,%,Age-adjusted prevalence,36.9,,,28.8,45.7,7735,48083,HLTHOUT,OBESITY,AgeAdjPrv,Obesity,POINT (-99.3466223 31.9142052)
184,184459,2021,TX,Texas,Kleberg,BRFSS,Health Outcomes,Obesity among adults aged >=18 years,%,Age-adjusted prevalence,40.4,,,32.2,48.7,30635,48273,HLTHOUT,OBESITY,AgeAdjPrv,Obesity,POINT (-97.6606203 27.4387348)
185,184549,2021,TX,Texas,Bosque,BRFSS,Health Outcomes,Obesity among adults aged >=18 years,%,Age-adjusted prevalence,35.8,,,28.1,44.3,18503,48035,HLTHOUT,OBESITY,AgeAdjPrv,Obesity,POINT (-97.6376407 31.9008189)
186,184569,2021,TX,Texas,Brazos,BRFSS,Health Outcomes,Obesity among adults aged >=18 years,%,Age-adjusted prevalence,34.7,,,28.0,41.9,237032,48041,HLTHOUT,OBESITY,AgeAdjPrv,Obesity,POINT (-96.3023935 30.6567132)
187,184635,2021,TX,Texas,Red River,BRFSS,Health Outcomes,Obesity among adults aged >=18 years,%,Age-adjusted prevalence,38.9,,,30.5,47.7,11555,48387,HLTHOUT,OBESITY,AgeAdjPrv,Obesity,POINT (-95.0484293 33.6196255)
188,185068,2021,TX,Texas,Knox,BRFSS,Health Outcomes,Obesity among adults aged >=18 years,%,Age-adjusted prevalence,38.6,,,30.3,47.2,3351,48275,HLTHOUT,OBESITY,AgeAdjPrv,Obesity,POINT (-99.7303563 33.6118897)
189,185085,2021,TX,Texas,Morris,BRFSS,Health Outcomes,Obesity among adults aged >=18 years,%,Age-adjusted prevalence,39.7,,,31.4,48.7,12030,48343,HLTHOUT,OBESITY,AgeAdjPrv,Obesity,POINT (-94.7312653 33.116466)
190,185281,2021,TX,Texas,Calhoun,BRFSS,Health Outcomes,Obesity among adults aged >=18 years,%,Age-adjusted prevalence,36.8,,,28.7,45.2,19727,48057,HLTHOUT,OBESITY,AgeAdjPrv,Obesity,POINT (-96.5795739 28.4417191)
191,185297,2021,TX,Texas,Denton,BRFSS,Health Outcomes,Obesity among adults aged >=18 years,%,Age-adjusted prevalence,31.6,,,26.4,37.1,941647,48121,HLTHOUT,OBESITY,AgeAdjPrv,Obesity,POINT (-97.1211403 33.205132)
192,185334,2021,TX,Texas,Oldham,BRFSS,Health Outcomes,Obesity among adults aged >=18 years,%,Age-adjusted prevalence,36.6,,,28.7,45.4,1717,48359,HLTHOUT,OBESITY,AgeAdjPrv,Obesity,POINT (-102.5976203 35.4019206)
193,185588,2021,TX,Texas,Nacogdoches,BRFSS,Health Outcomes,Obesity among adults aged >=18 years,%,Age-adjusted prevalence,41.9,,,34.4,49.4,64668,48347,HLTHOUT,OBESITY,AgeAdjPrv,Obesity,POINT (-94.6202497 31.6205598)
194,185813,2021,TX,Texas,Mitchell,BRFSS,Health Outcomes,Obesity among adults aged >=18 years,%,Age-adjusted prevalence,39.3,,,35.5,43.1,9070,48335,HLTHOUT,OBESITY,AgeAdjPrv,Obesity,POINT (-100.9243924 32.3041168)
195,185862,2021,TX,Texas,Gonzales,BRFSS,Health Outcomes,Obesity among adults aged >=18 years,%,Age-adjusted prevalence,39.8,,,31.2,49.1,19641,48177,HLTHOUT,OBESITY,AgeAdjPrv,Obesity,POINT (-97.4919205 29.4619121)
196,185870,2021,TX,Texas,Polk,BRFSS,Health Outcomes,Obesity among adults aged >=18 years,%,Age-adjusted prevalence,41.5,,,33.7,49.7,51899,48373,HLTHOUT,OBESITY,AgeAdjPrv,Obesity,POINT (-94.8373376 30.7845525)
197,185995,2021,TX,Texas,Comal,BRFSS,Health Outcomes,Obesity among adults aged >=18 years,%,Age-adjusted prevalence,31.3,,,24.7,38.4,174986,48091,HLTHOUT,OBESITY,AgeAdjPrv,Obesity,POINT (-98.2581288 29.8123773)
198,186003,2021,TX,Texas,Cottle,BRFSS,Health Outcomes,Obesity among adults aged >=18 years,%,Age-adjusted prevalence,41.0,,,32.9,49.6,1381,48101,HLTHOUT,OBESITY,AgeAdjPrv,Obesity,POINT (-100.2764416 34.0919063)
199,186070,2021,TX,Texas,Parker,BRFSS,Health Outcomes,Obesity among adults aged >=18 years,%,Age-adjusted prevalence,37.1,,,29.5,45.0,156764,48367,HLTHOUT,OBESITY,AgeAdjPrv,Obesity,POINT (-97.8059049 32.7770964)
200,186328,2021,TX,Texas,Ochiltree,BRFSS,Health Outcomes,Obesity among adults aged >=18 years,%,Age-adjusted prevalence,39.0,,,30.9,47.5,9782,48357,HLTHOUT,OBESITY,AgeAdjPrv,Obesity,POINT (-100.8158636 36.2787442)
201,186341,2021,TX,Texas,Parmer,BRFSS,Health Outcomes,Obesity among adults aged >=18 years,%,Age-adjusted prevalence,39.4,,,31.1,48.1,9813,48369,HLTHOUT,OBESITY,AgeAdjPrv,Obesity,POINT (-102.7848533 34.5321628)
202,186370,2021,TX,Texas,Panola,BRFSS,Health Outcomes,Obesity among adults aged >=18 years,%,Age-adjusted prevalence,40.6,,,32.0,48.5,22675,48365,HLTHOUT,OBESITY,AgeAdjPrv,Obesity,POINT (-94.3051563 32.1639784)
203,186428,2021,TX,Texas,Callahan,BRFSS,Health Outcomes,Obesity among adults aged >=18 years,%,Age-adjusted prevalence,35.8,,,28.1,44.1,14115,48059,HLTHOUT,OBESITY,AgeAdjPrv,Obesity,POINT (-99.372249 32.2931499)
204,186439,2021,TX,Texas,Dallas,BRFSS,Health Outcomes,Obesity among adults aged >=18 years,%,Age-adjusted prevalence,35.1,,,31.7,39.4,2586050,48113,HLTHOUT,OBESITY,AgeAdjPrv,Obesity,POINT (-96.7784238 32.7669866)
205,186492,2021,TX,Texas,Karnes,BRFSS,Health Outcomes,Obesity among adults aged >=18 years,%,Age-adjusted prevalence,40.4,,,32.1,49.2,14754,48255,HLTHOUT,OBESITY,AgeAdjPrv,Obesity,POINT (-97.8522048 28.9089957)
206,186816,2021,TX,Texas,Borden,BRFSS,Health Outcomes,Obesity among adults aged >=18 years,%,Age-adjusted prevalence,32.5,,,24.7,41.0,617,48033,HLTHOUT,OBESITY,AgeAdjPrv,Obesity,POINT (-101.439199 32.7385899)
207,186830,2021,TX,Texas,Jack,BRFSS,Health Outcomes,Obesity among adults aged >=18 years,%,Age-adjusted prevalence,38.4,,,30.2,46.9,8712,48237,HLTHOUT,OBESITY,AgeAdjPrv,Obesity,POINT (-98.1711775 33.2321604)
208,187026,2021,TX,Texas,Cherokee,BRFSS,Health Outcomes,Obesity among adults aged >=18 years,%,Age-adjusted prevalence,40.1,,,31.5,48.3,51097,48073,HLTHOUT,OBESITY,AgeAdjPrv,Obesity,POINT (-95.1563425 31.8438807)
209,187057,2021,TX,Texas,Liberty,BRFSS,Health Outcomes,Obesity among adults aged >=18 years,%,Age-adjusted prevalence,41.1,,,32.4,49.5,97621,48291,HLTHOUT,OBESITY,AgeAdjPrv,Obesity,POINT (-94.8440607 30.1585081)
210,187075,2021,TX,Texas,Martin,BRFSS,Health Outcomes,Obesity among adults aged >=18 years,%,Age-adjusted prevalence,36.3,,,28.6,44.6,5211,48317,HLTHOUT,OBESITY,AgeAdjPrv,Obesity,POINT (-101.9618363 32.3098298)
211,187195,2021,TX,Texas,Jim Wells,BRFSS,Health Outcomes,Obesity among adults aged >=18 years,%,Age-adjusted prevalence,42.4,,,33.2,51.9,38847,48249,HLTHOUT,OBESITY,AgeAdjPrv,Obesity,POINT (-98.0908141 27.7335157)
212,187343,2021,TX,Texas,Kerr,BRFSS,Health Outcomes,Obesity among adults aged >=18 years,%,Age-adjusted prevalence,34.7,,,26.9,42.7,53161,48265,HLTHOUT,OBESITY,AgeAdjPrv,Obesity,POINT (-99.3533388 30.059953)
213,187352,2021,TX,Texas,Orange,BRFSS,Health Outcomes,Obesity among adults aged >=18 years,%,Age-adjusted prevalence,37.5,,,31.2,44.0,84742,48361,HLTHOUT,OBESITY,AgeAdjPrv,Obesity,POINT (-93.8940999 30.1223229)
214,187411,2021,TX,Texas,Limestone,BRFSS,Health Outcomes,Obesity among adults aged >=18 years,%,Age-adjusted prevalence,39.5,,,31.0,48.2,22119,48293,HLTHOUT,OBESITY,AgeAdjPrv,Obesity,POINT (-96.593623 31.5475427)
215,187450,2021,TX,Texas,Houston,BRFSS,Health Outcomes,Obesity among adults aged >=18 years,%,Age-adjusted prevalence,38.8,,,30.8,47.0,22241,48225,HLTHOUT,OBESITY,AgeAdjPrv,Obesity,POINT (-95.4215995 31.3230362)
216,187567,2021,TX,Texas,Dawson,BRFSS,Health Outcomes,Obesity among adults aged >=18 years,%,Age-adjusted prevalence,41.0,,,32.5,49.8,12413,48115,HLTHOUT,OBESITY,AgeAdjPrv,Obesity,POINT (-101.9487714 32.742528)
217,187569,2021,TX,Texas,Mason,BRFSS,Health Outcomes,Obesity among adults aged >=18 years,%,Age-adjusted prevalence,33.5,,,25.8,41.8,3943,48319,HLTHOUT,OBESITY,AgeAdjPrv,Obesity,POINT (-99.2373018 30.7039159)
218,187610,2021,TX,Texas,Loving,BRFSS,Health Outcomes,Obesity among adults aged >=18 years,%,Age-adjusted prevalence,32.4,,,24.8,40.3,57,48301,HLTHOUT,OBESITY,AgeAdjPrv,Obesity,POINT (-103.5612293 31.8449361)
219,187637,2021,TX,Texas,Kent,BRFSS,Health Outcomes,Obesity among adults aged >=18 years,%,Age-adjusted prevalence,33.9,,,30.2,37.8,749,48263,HLTHOUT,OBESITY,AgeAdjPrv,Obesity,POINT (-100.7697199 33.1847797)
220,187772,2021,TX,Texas,Childress,BRFSS,Health Outcomes,Obesity among adults aged >=18 years,%,Age-adjusted prevalence,38.6,,,30.2,47.4,6736,48075,HLTHOUT,OBESITY,AgeAdjPrv,Obesity,POINT (-100.2081658 34.5246235)
221,187807,2021,TX,Texas,Foard,BRFSS,Health Outcomes,Obesity among adults aged >=18 years,%,Age-adjusted prevalence,39.6,,,31.1,48.2,1080,48155,HLTHOUT,OBESITY,AgeAdjPrv,Obesity,POINT (-99.8168285 33.9633063)
222,187835,2021,TX,Texas,Erath,BRFSS,Health Outcomes,Obesity among adults aged >=18 years,%,Age-adjusted prevalence,36.7,,,28.1,44.9,43378,48143,HLTHOUT,OBESITY,AgeAdjPrv,Obesity,POINT (-98.2205073 32.2366609)
223,188186,2021,TX,Texas,Cass,BRFSS,Health Outcomes,Obesity among adults aged >=18 years,%,Age-adjusted prevalence,40.5,,,32.0,49.1,28560,48067,HLTHOUT,OBESITY,AgeAdjPrv,Obesity,POINT (-94.3575786 33.0836979)
224,188261,2021,TX,Texas,Hamilton,BRFSS,Health Outcomes,Obesity among adults aged >=18 years,%,Age-adjusted prevalence,37.0,,,29.0,45.8,8229,48193,HLTHOUT,OBESITY,AgeAdjPrv,Obesity,POINT (-98.1117562 31.7073424)
225,188266,2021,TX,Texas,Clay,BRFSS,Health Outcomes,Obesity among adults aged >=18 years,%,Age-adjusted prevalence,35.7,,,28.0,44.3,10263,48077,HLTHOUT,OBESITY,AgeAdjPrv,Obesity,POINT (-98.2129174 33.7859042)
226,188277,2021,TX,Texas,Lamb,BRFSS,Health Outcomes,Obesity among adults aged >=18 years,%,Age-adjusted prevalence,40.4,,,31.9,49.1,12898,48279,HLTHOUT,OBESITY,AgeAdjPrv,Obesity,POINT (-102.3480182 34.0688615)
227,188291,2021,TX,Texas,Guadalupe,BRFSS,Health Outcomes,Obesity among adults aged >=18 years,%,Age-adjusted prevalence,37.6,,,30.2,45.1,177036,48187,HLTHOUT,OBESITY,AgeAdjPrv,Obesity,POINT (-97.9489953 29.5826714)
228,188379,2021,TX,Texas,Lampasas,BRFSS,Health Outcomes,Obesity among adults aged >=18 years,%,Age-adjusted prevalence,39.1,,,31.5,47.4,22252,48281,HLTHOUT,OBESITY,AgeAdjPrv,Obesity,POINT (-98.2408885 31.1967308)
229,188439,2021,TX,Texas,Brooks,BRFSS,Health Outcomes,Obesity among adults aged >=18 years,%,Age-adjusted prevalence,44.5,,,35.7,53.4,6994,48047,HLTHOUT,OBESITY,AgeAdjPrv,Obesity,POINT (-98.2152756 27.0349936)
230,188572,2021,TX,Texas,Freestone,BRFSS,Health Outcomes,Obesity among adults aged >=18 years,%,Age-adjusted prevalence,38.4,,,30.4,46.7,19774,48161,HLTHOUT,OBESITY,AgeAdjPrv,Obesity,POINT (-96.1449568 31.7017487)
231,188575,2021,TX,Texas,Falls,BRFSS,Health Outcomes,Obesity among adults aged >=18 years,%,Age-adjusted prevalence,42.9,,,34.3,52.2,17313,48145,HLTHOUT,OBESITY,AgeAdjPrv,Obesity,POINT (-96.9341275 31.2519298)
232,188838,2021,TX,Texas,Bastrop,BRFSS,Health Outcomes,Obesity among adults aged >=18 years,%,Age-adjusted prevalence,36.7,,,30.1,43.7,102058,48021,HLTHOUT,OBESITY,AgeAdjPrv,Obesity,POINT (-97.3106392 30.1007718)
233,188894,2021,TX,Texas,Jackson,BRFSS,Health Outcomes,Obesity among adults aged >=18 years,%,Age-adjusted prevalence,37.0,,,28.8,45.7,15121,48239,HLTHOUT,OBESITY,AgeAdjPrv,Obesity,POINT (-96.58908 28.9598019)
234,188940,2021,TX,Texas,Bowie,BRFSS,Health Outcomes,Obesity among adults aged >=18 years,%,Age-adjusted prevalence,39.7,,,32.3,49.6,92581,48037,HLTHOUT,OBESITY,AgeAdjPrv,Obesity,POINT (-94.422393 33.4460648)
235,188969,2021,TX,Texas,Delta,BRFSS,Health Outcomes,Obesity among adults aged >=18 years,%,Age-adjusted prevalence,37.7,,,29.1,46.7,5392,48119,HLTHOUT,OBESITY,AgeAdjPrv,Obesity,POINT (-95.6733504 33.3859329)
236,189073,2021,TX,Texas,Bexar,BRFSS,Health Outcomes,Obesity among adults aged >=18 years,%,Age-adjusted prevalence,38.8,,,34.0,43.5,2028236,48029,HLTHOUT,OBESITY,AgeAdjPrv,Obesity,POINT (-98.5201465 29.4486708)
237,189089,2021,TX,Texas,Castro,BRFSS,Health Outcomes,Obesity among adults aged >=18 years,%,Age-adjusted prevalence,38.4,,,30.3,47.1,7374,48069,HLTHOUT,OBESITY,AgeAdjPrv,Obesity,POINT (-102.2587856 34.5336207)
238,189110,2021,TX,Texas,DeWitt,BRFSS,Health Outcomes,Obesity among adults aged >=18 years,%,Age-adjusted prevalence,39.3,,,31.0,48.2,19918,48123,HLTHOUT,OBESITY,AgeAdjPrv,Obesity,POINT (-97.3616543 29.0823457)
239,189275,2021,TX,Texas,Caldwell,BRFSS,Health Outcomes,Obesity among adults aged >=18 years,%,Age-adjusted prevalence,40.8,,,32.8,49.2,46791,48055,HLTHOUT,OBESITY,AgeAdjPrv,Obesity,POINT (-97.628141 29.8323986)
240,189342,2021,TX,Texas,Hardeman,BRFSS,Health Outcomes,Obesity among adults aged >=18 years,%,Age-adjusted prevalence,37.7,,,29.5,46.4,3552,48197,HLTHOUT,OBESITY,AgeAdjPrv,Obesity,POINT (-99.7456973 34.2899036)
241,189368,2021,TX,Texas,Jefferson,BRFSS,Health Outcomes,Obesity among adults aged >=18 years,%,Age-adjusted prevalence,38.8,,,33.5,43.8,253704,48245,HLTHOUT,OBESITY,AgeAdjPrv,Obesity,POINT (-94.1493306 29.8539997)
242,189511,2021,TX,Texas,Maverick,BRFSS,Health Outcomes,Obesity among adults aged >=18 years,%,Age-adjusted prevalence,43.1,,,34.6,52.0,58056,48323,HLTHOUT,OBESITY,AgeAdjPrv,Obesity,POINT (-100.316678 28.7297873)
243,189760,2021,TX,Texas,Lipscomb,BRFSS,Health Outcomes,Obesity among adults aged >=18 years,%,Age-adjusted prevalence,36.9,,,28.5,45.4,2931,48295,HLTHOUT,OBESITY,AgeAdjPrv,Obesity,POINT (-100.2726827 36.2801998)
244,189887,2021,TX,Texas,Carson,BRFSS,Health Outcomes,Obesity among adults aged >=18 years,%,Age-adjusted prevalence,34.9,,,26.8,43.4,5746,48065,HLTHOUT,OBESITY,AgeAdjPrv,Obesity,POINT (-101.3553558 35.4054961)
245,190119,2021,TX,Texas,Matagorda,BRFSS,Health Outcomes,Obesity among adults aged >=18 years,%,Age-adjusted prevalence,40.6,,,32.5,49.5,36344,48321,HLTHOUT,OBESITY,AgeAdjPrv,Obesity,POINT (-96.0015316 28.7747601)
246,190281,2021,TX,Texas,Bandera,BRFSS,Health Outcomes,Obesity among adults aged >=18 years,%,Age-adjusted prevalence,35.3,,,27.7,43.5,21565,48019,HLTHOUT,OBESITY,AgeAdjPrv,Obesity,POINT (-99.2482849 29.756389)
247,190386,2021,TX,Texas,Camp,BRFSS,Health Outcomes,Obesity among adults aged >=18 years,%,Age-adjusted prevalence,39.9,,,31.6,48.6,12616,48063,HLTHOUT,OBESITY,AgeAdjPrv,Obesity,POINT (-94.979085 32.9745813)
248,190431,2021,TX,Texas,Henderson,BRFSS,Health Outcomes,Obesity among adults aged >=18 years,%,Age-adjusted prevalence,37.3,,,29.1,45.7,83667,48213,HLTHOUT,OBESITY,AgeAdjPrv,Obesity,POINT (-95.8534183 32.2116334)
249,190446,2021,TX,Texas,Hopkins,BRFSS,Health Outcomes,Obesity among adults aged >=18 years,%,Age-adjusted prevalence,38.0,,,29.6,46.9,37211,48223,HLTHOUT,OBESITY,AgeAdjPrv,Obesity,POINT (-95.5654337 33.1489673)
250,190559,2021,TX,Texas,Moore,BRFSS,Health Outcomes,Obesity among adults aged >=18 years,%,Age-adjusted prevalence,38.0,,,29.3,47.3,21118,48341,HLTHOUT,OBESITY,AgeAdjPrv,Obesity,POINT (-101.8905018 35.8356759)
251,190561,2021,TX,Texas,Chambers,BRFSS,Health Outcomes,Obesity among adults aged >=18 years,%,Age-adjusted prevalence,38.6,,,30.6,47.0,48865,48071,HLTHOUT,OBESITY,AgeAdjPrv,Obesity,POINT (-94.6694454 29.6963741)
252,190613,2021,TX,Texas,Brewster,BRFSS,Health Outcomes,Obesity among adults aged >=18 years,%,Age-adjusted prevalence,35.7,,,27.7,44.3,9450,48043,HLTHOUT,OBESITY,AgeAdjPrv,Obesity,POINT (-103.2524579 29.8089965)
253,190810,2021,TX,Texas,Gillespie,BRFSS,Health Outcomes,Obesity among adults aged >=18 years,%,Age-adjusted prevalence,34.4,,,26.8,42.9,27297,48171,HLTHOUT,OBESITY,AgeAdjPrv,Obesity,POINT (-98.9418498 30.3250929)
254,190841,2021,TX,Texas,Lavaca,BRFSS,Health Outcomes,Obesity among adults aged >=18 years,%,Age-adjusted prevalence,36.7,,,28.6,44.8,20544,48285,HLTHOUT,OBESITY,AgeAdjPrv,Obesity,POINT (-96.9236334 29.3825778)
255,190862,2021,TX,Texas,King,BRFSS,Health Outcomes,Obesity among adults aged >=18 years,%,Age-adjusted prevalence,40.0,,,31.6,49.3,258,48269,HLTHOUT,OBESITY,AgeAdjPrv,Obesity,POINT (-100.2453455 33.6142675)
256,190966,2021,TX,Texas,Austin,BRFSS,Health Outcomes,Obesity among adults aged >=18 years,%,Age-adjusted prevalence,35.6,,,28.0,43.9,30380,48015,HLTHOUT,OBESITY,AgeAdjPrv,Obesity,POINT (-96.2701696 29.8919013)
257,191318,2021,TX,Texas,Cochran,BRFSS,Health Outcomes,Obesity among adults aged >=18 years,%,Age-adjusted prevalence,43.3,,,34.8,52.1,2516,48079,HLTHOUT,OBESITY,AgeAdjPrv,Obesity,POINT (-102.830449 33.6084401)
258,191535,2021,TX,Texas,Comanche,BRFSS,Health Outcomes,Obesity among adults aged >=18 years,%,Age-adjusted prevalence,37.4,,,29.0,46.4,13775,48093,HLTHOUT,OBESITY,AgeAdjPrv,Obesity,POINT (-98.5496169 31.9516447)
259,191618,2021,TX,Texas,Burnet,BRFSS,Health Outcomes,Obesity among adults aged >=18 years,%,Age-adjusted prevalence,35.9,,,27.9,44.2,50954,48053,HLTHOUT,OBESITY,AgeAdjPrv,Obesity,POINT (-98.2011868 30.7896305)
260,191729,2021,TX,Texas,Jeff Davis,BRFSS,Health Outcomes,Obesity among adults aged >=18 years,%,Age-adjusted prevalence,39.6,,,35.5,43.9,1949,48243,HLTHOUT,OBESITY,AgeAdjPrv,Obesity,POINT (-104.191873 30.6253574)
261,191734,2021,TX,Texas,Briscoe,BRFSS,Health Outcomes,Obesity among adults aged >=18 years,%,Age-adjusted prevalence,40.8,,,36.2,46.1,1403,48045,HLTHOUT,OBESITY,AgeAdjPrv,Obesity,POINT (-101.205893 34.5251725)
262,192170,2021,TX,Texas,Anderson,BRFSS,Health Outcomes,Obesity among adults aged >=18 years,%,Age-adjusted prevalence,42.3,,,34.0,50.7,58402,48001,HLTHOUT,OBESITY,AgeAdjPrv,Obesity,POINT (-95.6617267 31.8412614)
263,192265,2021,TX,Texas,Ector,BRFSS,Health Outcomes,Obesity among adults aged >=18 years,%,Age-adjusted prevalence,38.5,,,30.8,46.8,161091,48135,HLTHOUT,OBESITY,AgeAdjPrv,Obesity,POINT (-102.5425068 31.8653008)
264,192388,2021,TX,Texas,Concho,BRFSS,Health Outcomes,Obesity among adults aged >=18 years,%,Age-adjusted prevalence,37.3,,,33.4,41.6,3341,48095,HLTHOUT,OBESITY,AgeAdjPrv,Obesity,POINT (-99.8636485 31.3188831)
265,192604,2021,TX,Texas,McMullen,BRFSS,Health Outcomes,Obesity among adults aged >=18 years,%,Age-adjusted prevalence,40.5,,,32.3,49.4,608,48311,HLTHOUT,OBESITY,AgeAdjPrv,Obesity,POINT (-98.5788529 28.384922)
266,192870,2021,TX,Texas,Coke,BRFSS,Health Outcomes,Obesity among adults aged >=18 years,%,Age-adjusted prevalence,36.8,,,28.8,45.6,3321,48081,HLTHOUT,OBESITY,AgeAdjPrv,Obesity,POINT (-100.6352305 31.8771104)
267,192891,2021,TX,Texas,Hansford,BRFSS,Health Outcomes,Obesity among adults aged >=18 years,%,Age-adjusted prevalence,39.1,,,35.0,43.2,5159,48195,HLTHOUT,OBESITY,AgeAdjPrv,Obesity,POINT (-101.3569304 36.2728469)
268,192937,2021,TX,Texas,Dimmit,BRFSS,Health Outcomes,Obesity among adults aged >=18 years,%,Age-adjusted prevalence,45.7,,,36.9,54.8,8473,48127,HLTHOUT,OBESITY,AgeAdjPrv,Obesity,POINT (-99.7658713 28.4235871)
269,192971,2021,TX,Texas,Lubbock,BRFSS,Health Outcomes,Obesity among adults aged >=18 years,%,Age-adjusted prevalence,40.0,,,34.6,45.7,314451,48303,HLTHOUT,OBESITY,AgeAdjPrv,Obesity,POINT (-101.8199438 33.6114688)
270,193102,2021,TX,Texas,Bell,BRFSS,Health Outcomes,Obesity among adults aged >=18 years,%,Age-adjusted prevalence,40.1,,,35.4,45.1,379617,48027,HLTHOUT,OBESITY,AgeAdjPrv,Obesity,POINT (-97.4812684 31.0427497)
271,193152,2021,TX,Texas,Hartley,BRFSS,Health Outcomes,Obesity among adults aged >=18 years,%,Age-adjusted prevalence,35.1,,,27.5,44.0,5397,48205,HLTHOUT,OBESITY,AgeAdjPrv,Obesity,POINT (-102.6100473 35.8402444)
272,193168,2021,TX,Texas,Franklin,BRFSS,Health Outcomes,Obesity among adults aged >=18 years,%,Age-adjusted prevalence,33.2,,,25.7,41.8,10464,48159,HLTHOUT,OBESITY,AgeAdjPrv,Obesity,POINT (-95.2190662 33.1758457)
273,193223,2021,TX,Texas,Glasscock,BRFSS,Health Outcomes,Obesity among adults aged >=18 years,%,Age-adjusted prevalence,36.6,,,32.6,41.0,1149,48173,HLTHOUT,OBESITY,AgeAdjPrv,Obesity,POINT (-101.5214944 31.8680062)
274,193476,2021,TX,Texas,Mills,BRFSS,Health Outcomes,Obesity among adults aged >=18 years,%,Age-adjusted prevalence,36.1,,,31.9,40.2,4480,48333,HLTHOUT,OBESITY,AgeAdjPrv,Obesity,POINT (-98.5946231 31.4948885)
275,193488,2021,TX,Texas,Johnson,BRFSS,Health Outcomes,Obesity among adults aged >=18 years,%,Age-adjusted prevalence,35.6,,,28.5,43.0,187280,48251,HLTHOUT,OBESITY,AgeAdjPrv,Obesity,POINT (-97.3649587 32.3798207)
276,193577,2021,TX,Texas,Milam,BRFSS,Health Outcomes,Obesity among adults aged >=18 years,%,Age-adjusted prevalence,37.7,,,29.9,45.9,25106,48331,HLTHOUT,OBESITY,AgeAdjPrv,Obesity,POINT (-96.9843946 30.791242)
277,193628,2021,TX,Texas,Kenedy,BRFSS,Health Outcomes,Obesity among adults aged >=18 years,%,Age-adjusted prevalence,43.1,,,35.0,51.8,340,48261,HLTHOUT,OBESITY,AgeAdjPrv,Obesity,POINT (-97.5911434 26.8902129)
278,193715,2021,TX,Texas,Frio,BRFSS,Health Outcomes,Obesity among adults aged >=18 years,%,Age-adjusted prevalence,42.2,,,33.8,51.0,18436,48163,HLTHOUT,OBESITY,AgeAdjPrv,Obesity,POINT (-99.109005 28.8693828)
279,193754,2021,TX,Texas,Coryell,BRFSS,Health Outcomes,Obesity among adults aged >=18 years,%,Age-adjusted prevalence,42.2,,,35.1,49.3,84232,48099,HLTHOUT,OBESITY,AgeAdjPrv,Obesity,POINT (-97.7980223 31.3911774)
280,193940,2021,TX,Texas,Rains,BRFSS,Health Outcomes,Obesity among adults aged >=18 years,%,Age-adjusted prevalence,36.1,,,27.9,45.0,12509,48379,HLTHOUT,OBESITY,AgeAdjPrv,Obesity,POINT (-95.795613 32.8704571)
281,194068,2021,TX,Texas,Palo Pinto,BRFSS,Health Outcomes,Obesity among adults aged >=18 years,%,Age-adjusted prevalence,39.3,,,31.1,47.7,28686,48363,HLTHOUT,OBESITY,AgeAdjPrv,Obesity,POINT (-98.3179673 32.7522042)
282,194169,2021,TX,Texas,Hays,BRFSS,Health Outcomes,Obesity among adults aged >=18 years,%,Age-adjusted prevalence,30.2,,,24.4,36.4,255397,48209,HLTHOUT,OBESITY,AgeAdjPrv,Obesity,POINT (-98.0292673 30.0612247)
283,194274,2021,TX,Texas,Hutchinson,BRFSS,Health Outcomes,Obesity among adults aged >=18 years,%,Age-adjusted prevalence,37.1,,,29.0,45.9,20495,48233,HLTHOUT,OBESITY,AgeAdjPrv,Obesity,POINT (-101.3627461 35.837047)
284,194280,2021,TX,Texas,Presidio,BRFSS,Health Outcomes,Obesity among adults aged >=18 years,%,Age-adjusted prevalence,44.3,,,35.0,54.1,6140,48377,HLTHOUT,OBESITY,AgeAdjPrv,Obesity,POINT (-104.2616192 30.0058912)
285,194434,2021,TX,Texas,Lee,BRFSS,Health Outcomes,Obesity among adults aged >=18 years,%,Age-adjusted prevalence,37.9,,,29.7,46.6,17706,48287,HLTHOUT,OBESITY,AgeAdjPrv,Obesity,POINT (-96.9768226 30.3214983)
286,194485,2021,TX,Texas,Lamar,BRFSS,Health Outcomes,Obesity among adults aged >=18 years,%,Age-adjusted prevalence,37.7,,,29.2,46.1,50098,48277,HLTHOUT,OBESITY,AgeAdjPrv,Obesity,POINT (-95.5703477 33.6672628)
287,194544,2021,TX,Texas,Marion,BRFSS,Health Outcomes,Obesity among adults aged >=18 years,%,Age-adjusted prevalence,39.8,,,31.5,48.7,9645,48315,HLTHOUT,OBESITY,AgeAdjPrv,Obesity,POINT (-94.3568533 32.7981821)
288,194732,2021,TX,Texas,Pecos,BRFSS,Health Outcomes,Obesity among adults aged >=18 years,%,Age-adjusted prevalence,41.1,,,32.6,49.9,15118,48371,HLTHOUT,OBESITY,AgeAdjPrv,Obesity,POINT (-102.7181533 30.773298)
289,194807,2021,TX,Texas,Leon,BRFSS,Health Outcomes,Obesity among adults aged >=18 years,%,Age-adjusted prevalence,38.1,,,29.0,46.4,15959,48289,HLTHOUT,OBESITY,AgeAdjPrv,Obesity,POINT (-95.9956219 31.3004926)
290,194849,2021,TX,Texas,Nueces,BRFSS,Health Outcomes,Obesity among adults aged >=18 years,%,Age-adjusted prevalence,40.5,,,35.7,45.6,353079,48355,HLTHOUT,OBESITY,AgeAdjPrv,Obesity,POINT (-97.5162143 27.7400315)
291,194996,2021,TX,Texas,Motley,BRFSS,Health Outcomes,Obesity among adults aged >=18 years,%,Age-adjusted prevalence,36.2,,,32.3,40.1,1067,48345,HLTHOUT,OBESITY,AgeAdjPrv,Obesity,POINT (-100.7931519 34.0578993)
292,195073,2021,TX,Texas,Fayette,BRFSS,Health Outcomes,Obesity among adults aged >=18 years,%,Age-adjusted prevalence,36.3,,,28.3,44.7,24687,48149,HLTHOUT,OBESITY,AgeAdjPrv,Obesity,POINT (-96.9212309 29.8778861)
293,195160,2021,TX,Texas,Randall,BRFSS,Health Outcomes,Obesity among adults aged >=18 years,%,Age-adjusted prevalence,40.1,,,32.8,47.9,143854,48381,HLTHOUT,OBESITY,AgeAdjPrv,Obesity,POINT (-101.8955472 34.962529)
294,195234,2021,TX,Texas,Andrews,BRFSS,Health Outcomes,Obesity among adults aged >=18 years,%,Age-adjusted prevalence,39.3,,,30.7,47.5,18440,48003,HLTHOUT,OBESITY,AgeAdjPrv,Obesity,POINT (-102.6402058 32.3122581)
295,195245,2021,TX,Texas,Crockett,BRFSS,Health Outcomes,Obesity among adults aged >=18 years,%,Age-adjusted prevalence,38.5,,,30.7,47.1,3068,48105,HLTHOUT,OBESITY,AgeAdjPrv,Obesity,POINT (-101.4042113 30.7175316)
296,195252,2021,TX,Texas,Bailey,BRFSS,Health Outcomes,Obesity among adults aged >=18 years,%,Age-adjusted prevalence,38.2,,,30.2,46.9,6835,48017,HLTHOUT,OBESITY,AgeAdjPrv,Obesity,POINT (-102.8303446 34.0675209)
297,195406,2021,TX,Texas,McCulloch,BRFSS,Health Outcomes,Obesity among adults aged >=18 years,%,Age-adjusted prevalence,38.3,,,34.3,42.3,7533,48307,HLTHOUT,OBESITY,AgeAdjPrv,Obesity,POINT (-99.3598557 31.2054766)
298,195426,2021,TX,Texas,Live Oak,BRFSS,Health Outcomes,Obesity among adults aged >=18 years,%,Age-adjusted prevalence,40.0,,,31.5,48.7,11377,48297,HLTHOUT,OBESITY,AgeAdjPrv,Obesity,POINT (-98.1269608 28.3515349)
299,195770,2021,TX,Texas,Montague,BRFSS,Health Outcomes,Obesity among adults aged >=18 years,%,Age-adjusted prevalence,36.2,,,28.4,44.6,20409,48337,HLTHOUT,OBESITY,AgeAdjPrv,Obesity,POINT (-97.7250138 33.6783558)
300,196130,2021,TX,Texas,Irion,BRFSS,Health Outcomes,Obesity among adults aged >=18 years,%,Age-adjusted prevalence,36.4,,,28.0,45.2,1552,48235,HLTHOUT,OBESITY,AgeAdjPrv,Obesity,POINT (-100.9813037 31.3034241)
301,196146,2021,TX,Texas,Goliad,BRFSS,Health Outcomes,Obesity among adults aged >=18 years,%,Age-adjusted prevalence,37.9,,,29.7,46.7,7163,48175,HLTHOUT,OBESITY,AgeAdjPrv,Obesity,POINT (-97.4304145 28.6607)
302,196297,2021,TX,Texas,Cooke,BRFSS,Health Outcomes,Obesity among adults aged >=18 years,%,Age-adjusted prevalence,35.4,,,27.8,43.5,42244,48097,HLTHOUT,OBESITY,AgeAdjPrv,Obesity,POINT (-97.2103433 33.6391964)
303,196496,2021,TX,Texas,Crosby,BRFSS,Health Outcomes,Obesity among adults aged >=18 years,%,Age-adjusted prevalence,41.3,,,32.9,49.9,5106,48107,HLTHOUT,OBESITY,AgeAdjPrv,Obesity,POINT (-101.2987099 33.609144)
304,196758,2021,TX,Texas,Bee,BRFSS,Health Outcomes,Obesity among adults aged >=18 years,%,Age-adjusted prevalence,41.2,,,32.8,49.7,30924,48025,HLTHOUT,OBESITY,AgeAdjPrv,Obesity,POINT (-97.7425858 28.4160769)
305,196783,2021,TX,Texas,Fort Bend,BRFSS,Health Outcomes,Obesity among adults aged >=18 years,%,Age-adjusted prevalence,30.0,,,24.2,36.3,858527,48157,HLTHOUT,OBESITY,AgeAdjPrv,Obesity,POINT (-95.7710149 29.5266017)
306,196799,2021,TX,Texas,Fannin,BRFSS,Health Outcomes,Obesity among adults aged >=18 years,%,Age-adjusted prevalence,39.0,,,31.0,47.6,36569,48147,HLTHOUT,OBESITY,AgeAdjPrv,Obesity,POINT (-96.1049882 33.5911611)
307,196840,2021,TX,Texas,Gray,BRFSS,Health Outcomes,Obesity among adults aged >=18 years,%,Age-adjusted prevalence,39.7,,,31.8,48.7,21030,48179,HLTHOUT,OBESITY,AgeAdjPrv,Obesity,POINT (-100.8123736 35.4025424)
308,197039,2021,TX,Texas,Nolan,BRFSS,Health Outcomes,Obesity among adults aged >=18 years,%,Age-adjusted prevalence,39.2,,,31.0,47.9,14597,48353,HLTHOUT,OBESITY,AgeAdjPrv,Obesity,POINT (-100.4181078 32.3123379)
309,197130,2021,TX,Texas,El Paso,BRFSS,Health Outcomes,Obesity among adults aged >=18 years,%,Age-adjusted prevalence,37.6,,,33.1,42.3,867947,48141,HLTHOUT,OBESITY,AgeAdjPrv,Obesity,POINT (-106.2414234 31.7664803)
310,197136,2021,TX,Texas,Duval,BRFSS,Health Outcomes,Obesity among adults aged >=18 years,%,Age-adjusted prevalence,42.0,,,33.6,51.2,9756,48131,HLTHOUT,OBESITY,AgeAdjPrv,Obesity,POINT (-98.4973933 27.6811232)
311,197209,2021,TX,Texas,Garza,BRFSS,Health Outcomes,Obesity among adults aged >=18 years,%,Age-adjusted prevalence,38.2,,,30.2,46.5,5863,48169,HLTHOUT,OBESITY,AgeAdjPrv,Obesity,POINT (-101.3011341 33.183792)
312,197233,2021,TX,Texas,Edwards,BRFSS,Health Outcomes,Obesity among adults aged >=18 years,%,Age-adjusted prevalence,40.1,,,35.1,45.4,1438,48137,HLTHOUT,OBESITY,AgeAdjPrv,Obesity,POINT (-100.3073997 29.9859327)
313,197282,2021,TX,Texas,Eastland,BRFSS,Health Outcomes,Obesity among adults aged >=18 years,%,Age-adjusted prevalence,37.8,,,29.4,46.7,17864,48133,HLTHOUT,OBESITY,AgeAdjPrv,Obesity,POINT (-98.8365596 32.3246454)
314,197896,2021,TX,Texas,Wilbarger,BRFSS,Health Outcomes,Obesity among adults aged >=18 years,%,Age-adjusted prevalence,40.9,,,32.2,49.7,12731,48487,HLTHOUT,OBESITY,AgeAdjPrv,Obesity,POINT (-99.2424397 34.0849199)
315,197999,2021,TX,Texas,Van Zandt,BRFSS,Health Outcomes,Obesity among adults aged >=18 years,%,Age-adjusted prevalence,35.6,,,27.9,43.7,61275,48467,HLTHOUT,OBESITY,AgeAdjPrv,Obesity,POINT (-95.8369057 32.5587866)
316,198056,2021,TX,Texas,Robertson,BRFSS,Health Outcomes,Obesity among adults aged >=18 years,%,Age-adjusted prevalence,40.0,,,31.4,47.6,16958,48395,HLTHOUT,OBESITY,AgeAdjPrv,Obesity,POINT (-96.5149408 31.025481)
317,198092,2021,TX,Texas,Upshur,BRFSS,Health Outcomes,Obesity among adults aged >=18 years,%,Age-adjusted prevalence,36.3,,,28.5,44.4,41774,48459,HLTHOUT,OBESITY,AgeAdjPrv,Obesity,POINT (-94.9411837 32.7353495)
318,198422,2021,TX,Texas,Roberts,BRFSS,Health Outcomes,Obesity among adults aged >=18 years,%,Age-adjusted prevalence,34.9,,,31.3,38.7,797,48393,HLTHOUT,OBESITY,AgeAdjPrv,Obesity,POINT (-100.8366824 35.838596)
319,198531,2021,TX,Texas,Sterling,BRFSS,Health Outcomes,Obesity among adults aged >=18 years,%,Age-adjusted prevalence,36.6,,,32.1,41.0,1381,48431,HLTHOUT,OBESITY,AgeAdjPrv,Obesity,POINT (-101.0549114 31.8357735)
320,198601,2021,TX,Texas,Sutton,BRFSS,Health Outcomes,Obesity among adults aged >=18 years,%,Age-adjusted prevalence,39.2,,,34.6,43.7,3319,48435,HLTHOUT,OBESITY,AgeAdjPrv,Obesity,POINT (-100.5133594 30.5221852)
321,198719,2021,TX,Texas,Shelby,BRFSS,Health Outcomes,Obesity among adults aged >=18 years,%,Age-adjusted prevalence,40.7,,,32.2,49.4,23939,48419,HLTHOUT,OBESITY,AgeAdjPrv,Obesity,POINT (-94.1425794 31.7901394)
322,199097,2021,TX,Texas,Ward,BRFSS,Health Outcomes,Obesity among adults aged >=18 years,%,Age-adjusted prevalence,39.9,,,31.7,48.4,11194,48475,HLTHOUT,OBESITY,AgeAdjPrv,Obesity,POINT (-103.1051127 31.5130687)
323,199100,2021,TX,Texas,Tom Green,BRFSS,Health Outcomes,Obesity among adults aged >=18 years,%,Age-adjusted prevalence,37.5,,,30.1,45.3,119411,48451,HLTHOUT,OBESITY,AgeAdjPrv,Obesity,POINT (-100.4637879 31.3988233)
324,199264,2021,TX,Texas,Walker,BRFSS,Health Outcomes,Obesity among adults aged >=18 years,%,Age-adjusted prevalence,38.5,,,30.8,46.6,77977,48471,HLTHOUT,OBESITY,AgeAdjPrv,Obesity,POINT (-95.5698246 30.7431631)
325,199301,2021,TX,Texas,Wood,BRFSS,Health Outcomes,Obesity among adults aged >=18 years,%,Age-adjusted prevalence,38.0,,,30.0,46.6,45875,48499,HLTHOUT,OBESITY,AgeAdjPrv,Obesity,POINT (-95.3821664 32.7835881)
326,199343,2021,TX,Texas,Somervell,BRFSS,Health Outcomes,Obesity among adults aged >=18 years,%,Age-adjusted prevalence,35.1,,,27.3,43.4,9469,48425,HLTHOUT,OBESITY,AgeAdjPrv,Obesity,POINT (-97.769217 32.2180714)
327,199348,2021,TX,Texas,Yoakum,BRFSS,Health Outcomes,Obesity among adults aged >=18 years,%,Age-adjusted prevalence,39.0,,,30.3,48.2,7607,48501,HLTHOUT,OBESITY,AgeAdjPrv,Obesity,POINT (-102.8322409 33.1623386)
328,199457,2021,TX,Texas,Tarrant,BRFSS,Health Outcomes,Obesity among adults aged >=18 years,%,Age-adjusted prevalence,34.9,,,30.4,39.4,2126477,48439,HLTHOUT,OBESITY,AgeAdjPrv,Obesity,POINT (-97.2912241 32.7721191)
329,199621,2021,TX,Texas,Winkler,BRFSS,Health Outcomes,Obesity among adults aged >=18 years,%,Age-adjusted prevalence,39.2,,,30.7,47.5,7415,48495,HLTHOUT,OBESITY,AgeAdjPrv,Obesity,POINT (-103.0549246 31.8328615)
330,199894,2021,TX,Texas,Titus,BRFSS,Health Outcomes,Obesity among adults aged >=18 years,%,Age-adjusted prevalence,40.2,,,31.7,49.1,31183,48449,HLTHOUT,OBESITY,AgeAdjPrv,Obesity,POINT (-94.9667825 33.214599)
331,200049,2021,TX,Texas,Terry,BRFSS,Health Outcomes,Obesity among adults aged >=18 years,%,Age-adjusted prevalence,43.9,,,35.4,53.0,11754,48445,HLTHOUT,OBESITY,AgeAdjPrv,Obesity,POINT (-102.339284 33.171229)
332,200412,2021,TX,Texas,Wilson,BRFSS,Health Outcomes,Obesity among adults aged >=18 years,%,Age-adjusted prevalence,36.1,,,28.3,44.4,51257,48493,HLTHOUT,OBESITY,AgeAdjPrv,Obesity,POINT (-98.0867336 29.173883)
333,200433,2021,TX,Texas,Victoria,BRFSS,Health Outcomes,Obesity among adults aged >=18 years,%,Age-adjusted prevalence,41.2,,,33.5,49.5,90964,48469,HLTHOUT,OBESITY,AgeAdjPrv,Obesity,POINT (-96.9711977 28.7963699)
334,200947,2021,TX,Texas,San Augustine,BRFSS,Health Outcomes,Obesity among adults aged >=18 years,%,Age-adjusted prevalence,40.5,,,32.3,49.5,7922,48405,HLTHOUT,OBESITY,AgeAdjPrv,Obesity,POINT (-94.1631796 31.3824492)
335,200967,2021,TX,Texas,Stonewall,BRFSS,Health Outcomes,Obesity among adults aged >=18 years,%,Age-adjusted prevalence,37.0,,,32.8,41.1,1217,48433,HLTHOUT,OBESITY,AgeAdjPrv,Obesity,POINT (-100.2538069 33.1795797)
336,200997,2021,TX,Texas,Wise,BRFSS,Health Outcomes,Obesity among adults aged >=18 years,%,Age-adjusted prevalence,36.5,,,29.0,45.1,71714,48497,HLTHOUT,OBESITY,AgeAdjPrv,Obesity,POINT (-97.6539968 33.2190947)
337,201031,2021,TX,Texas,Taylor,BRFSS,Health Outcomes,Obesity among adults aged >=18 years,%,Age-adjusted prevalence,34.7,,,27.2,42.4,143326,48441,HLTHOUT,OBESITY,AgeAdjPrv,Obesity,POINT (-99.8904299 32.2971255)
338,201676,2021,TX,Texas,Wichita,BRFSS,Health Outcomes,Obesity among adults aged >=18 years,%,Age-adjusted prevalence,36.9,,,29.2,44.7,130069,48485,HLTHOUT,OBESITY,AgeAdjPrv,Obesity,POINT (-98.7080098 33.9882125)
339,201728,2021,TX,Texas,Upton,BRFSS,Health Outcomes,Obesity among adults aged >=18 years,%,Age-adjusted prevalence,39.6,,,30.8,49.1,3265,48461,HLTHOUT,OBESITY,AgeAdjPrv,Obesity,POINT (-102.0415461 31.3538163)
340,201928,2021,TX,Texas,Schleicher,BRFSS,Health Outcomes,Obesity among adults aged >=18 years,%,Age-adjusted prevalence,37.6,,,29.5,46.1,2429,48413,HLTHOUT,OBESITY,AgeAdjPrv,Obesity,POINT (-100.5272161 30.8962331)
341,202266,2021,TX,Texas,Trinity,BRFSS,Health Outcomes,Obesity among adults aged >=18 years,%,Age-adjusted prevalence,39.2,,,31.3,48.0,13827,48455,HLTHOUT,OBESITY,AgeAdjPrv,Obesity,POINT (-95.1516869 31.096675)
342,202689,2021,TX,Texas,Runnels,BRFSS,Health Outcomes,Obesity among adults aged >=18 years,%,Age-adjusted prevalence,38.0,,,30.0,46.6,9943,48399,HLTHOUT,OBESITY,AgeAdjPrv,Obesity,POINT (-99.9827145 31.8451193)
343,202842,2021,TX,Texas,Sherman,BRFSS,Health Outcomes,Obesity among adults aged >=18 years,%,Age-adjusted prevalence,36.9,,,28.5,45.5,2798,48421,HLTHOUT,OBESITY,AgeAdjPrv,Obesity,POINT (-101.8992648 36.2785929)
344,203184,2021,TX,Texas,Throckmorton,BRFSS,Health Outcomes,Obesity among adults aged >=18 years,%,Age-adjusted prevalence,36.7,,,32.5,41.2,1495,48447,HLTHOUT,OBESITY,AgeAdjPrv,Obesity,POINT (-99.205796 33.1706954)
345,203639,2021,TX,Texas,Stephens,BRFSS,Health Outcomes,Obesity among adults aged >=18 years,%,Age-adjusted prevalence,36.5,,,28.7,44.8,9173,48429,HLTHOUT,OBESITY,AgeAdjPrv,Obesity,POINT (-98.8393443 32.7380521)
346,204515,2021,TX,Texas,Scurry,BRFSS,Health Outcomes,Obesity among adults aged >=18 years,%,Age-adjusted prevalence,37.5,,,29.6,45.4,16824,48415,HLTHOUT,OBESITY,AgeAdjPrv,Obesity,POINT (-100.9133465 32.7443531)
347,205085,2021,TX,Texas,Terrell,BRFSS,Health Outcomes,Obesity among adults aged >=18 years,%,Age-adjusted prevalence,39.2,,,30.8,47.4,724,48443,HLTHOUT,OBESITY,AgeAdjPrv,Obesity,POINT (-102.0725126 30.2323427)
348,205196,2021,TX,Texas,Waller,BRFSS,Health Outcomes,Obesity among adults aged >=18 years,%,Age-adjusted prevalence,37.7,,,29.0,46.9,59781,48473,HLTHOUT,OBESITY,AgeAdjPrv,Obesity,POINT (-95.9821493 30.0135901)
349,205289,2021,TX,Texas,Refugio,BRFSS,Health Outcomes,Obesity among adults aged >=18 years,%,Age-adjusted prevalence,40.9,,,32.6,49.5,6756,48391,HLTHOUT,OBESITY,AgeAdjPrv,Obesity,POINT (-97.1624723 28.3221157)
350,205710,2021,TX,Texas,San Patricio,BRFSS,Health Outcomes,Obesity among adults aged >=18 years,%,Age-adjusted prevalence,42.0,,,34.8,49.7,69699,48409,HLTHOUT,OBESITY,AgeAdjPrv,Obesity,POINT (-97.5171566 28.0117944)
351,206058,2021,TX,Texas,Tyler,BRFSS,Health Outcomes,Obesity among adults aged >=18 years,%,Age-adjusted prevalence,40.0,,,32.1,48.6,20077,48457,HLTHOUT,OBESITY,AgeAdjPrv,Obesity,POINT (-94.3756561 30.7692953)
352,206697,2021,TX,Texas,Wharton,BRFSS,Health Outcomes,Obesity among adults aged >=18 years,%,Age-adjusted prevalence,39.1,,,30.8,47.3,41721,48481,HLTHOUT,OBESITY,AgeAdjPrv,Obesity,POINT (-96.2296745 29.2784805)
353,206923,2021,TX,Texas,Reeves,BRFSS,Health Outcomes,Obesity among adults aged >=18 years,%,Age-adjusted prevalence,42.7,,,38.5,46.8,14487,48389,HLTHOUT,OBESITY,AgeAdjPrv,Obesity,POINT (-103.712706 31.308366)
354,206931,2021,TX,Texas,Sabine,BRFSS,Health Outcomes,Obesity among adults aged >=18 years,%,Age-adjusted prevalence,37.7,,,29.5,46.2,10039,48403,HLTHOUT,OBESITY,AgeAdjPrv,Obesity,POINT (-93.8519129 31.3432997)
355,206996,2021,TX,Texas,Smith,BRFSS,Health Outcomes,Obesity among adults aged >=18 years,%,Age-adjusted prevalence,36.1,,,29.1,43.2,237186,48423,HLTHOUT,OBESITY,AgeAdjPrv,Obesity,POINT (-95.2700409 32.3770156)
356,207067,2021,TX,Texas,Rusk,BRFSS,Health Outcomes,Obesity among adults aged >=18 years,%,Age-adjusted prevalence,38.3,,,30.8,46.9,52743,48401,HLTHOUT,OBESITY,AgeAdjPrv,Obesity,POINT (-94.7563823 32.1094232)
357,207204,2021,TX,Texas,Shackelford,BRFSS,Health Outcomes,Obesity among adults aged >=18 years,%,Age-adjusted prevalence,34.1,,,29.8,38.6,3212,48417,HLTHOUT,OBESITY,AgeAdjPrv,Obesity,POINT (-99.3470045 32.7438198)
358,207360,2021,TX,Texas,Rockwall,BRFSS,Health Outcomes,Obesity among adults aged >=18 years,%,Age-adjusted prevalence,32.4,,,25.7,40.6,116381,48397,HLTHOUT,OBESITY,AgeAdjPrv,Obesity,POINT (-96.4120504 32.8998859)
359,207399,2021,TX,Texas,Wheeler,BRFSS,Health Outcomes,Obesity among adults aged >=18 years,%,Age-adjusted prevalence,39.0,,,34.7,43.2,4927,48483,HLTHOUT,OBESITY,AgeAdjPrv,Obesity,POINT (-100.2531067 35.3925926)
360,207632,2021,TX,Texas,Travis,BRFSS,Health Outcomes,Obesity among adults aged >=18 years,%,Age-adjusted prevalence,28.0,,,24.5,31.4,1305154,48453,HLTHOUT,OBESITY,AgeAdjPrv,Obesity,POINT (-97.6912697 30.2395128)
361,207937,2021,TX,Texas,Webb,BRFSS,Health Outcomes,Obesity among adults aged >=18 years,%,Age-adjusted prevalence,44.3,,,35.9,52.8,267945,48479,HLTHOUT,OBESITY,AgeAdjPrv,Obesity,POINT (-99.3407518 27.7607987)
362,208120,2021,TX,Texas,Zavala,BRFSS,Health Outcomes,Obesity among adults aged >=18 years,%,Age-adjusted prevalence,45.0,,,40.8,49.4,9534,48507,HLTHOUT,OBESITY,AgeAdjPrv,Obesity,POINT (-99.7598304 28.8646523)
363,208440,2021,TX,Texas,Starr,BRFSS,Health Outcomes,Obesity among adults aged >=18 years,%,Age-adjusted prevalence,44.2,,,35.4,52.8,66049,48427,HLTHOUT,OBESITY,AgeAdjPrv,Obesity,POINT (-98.7402346 26.5309027)
364,208762,2021,TX,Texas,San Saba,BRFSS,Health Outcomes,Obesity among adults aged >=18 years,%,Age-adjusted prevalence,38.1,,,29.9,46.9,5827,48411,HLTHOUT,OBESITY,AgeAdjPrv,Obesity,POINT (-98.8192922 31.1551375)
365,208932,2021,TX,Texas,Washington,BRFSS,Health Outcomes,Obesity among adults aged >=18 years,%,Age-adjusted prevalence,37.0,,,29.1,45.8,35891,48477,HLTHOUT,OBESITY,AgeAdjPrv,Obesity,POINT (-96.4102717 30.2150752)
366,209978,2021,TX,Texas,Young,BRFSS,Health Outcomes,Obesity among adults aged >=18 years,%,Age-adjusted prevalence,36.1,,,27.8,45.0,17977,48503,HLTHOUT,OBESITY,AgeAdjPrv,Obesity,POINT (-98.6783895 33.1587778)
367,210050,2021,TX,Texas,Willacy,BRFSS,Health Outcomes,Obesity among adults aged >=18 years,%,Age-adjusted prevalence,45.3,,,36.7,54.5,20316,48489,HLTHOUT,OBESITY,AgeAdjPrv,Obesity,POINT (-97.5947313 26.4818607)
368,210348,2021,TX,Texas,Zapata,BRFSS,Health Outcomes,Obesity among adults aged >=18 years,%,Age-adjusted prevalence,43.8,,,34.9,52.8,13908,48505,HLTHOUT,OBESITY,AgeAdjPrv,Obesity,POINT (-99.1826027 26.9969806)
369,210632,2021,TX,Texas,Swisher,BRFSS,Health Outcomes,Obesity among adults aged >=18 years,%,Age-adjusted prevalence,42.7,,,34.2,51.7,7008,48437,HLTHOUT,OBESITY,AgeAdjPrv,Obesity,POINT (-101.7438647 34.5263193)
370,210656,2021,TX,Texas,Williamson,BRFSS,Health Outcomes,Obesity among adults aged >=18 years,%,Age-adjusted prevalence,32.0,,,27.5,36.8,643026,48491,HLTHOUT,OBESITY,AgeAdjPrv,Obesity,POINT (-97.6050646 30.6490817)
371,211958,2021,TX,Texas,Uvalde,BRFSS,Health Outcomes,Obesity among adults aged >=18 years,%,Age-adjusted prevalence,40.1,,,31.5,49.2,24729,48463,HLTHOUT,OBESITY,AgeAdjPrv,Obesity,POINT (-99.768427 29.3503081)
372,214041,2021,TX,Texas,San Jacinto,BRFSS,Health Outcomes,Obesity among adults aged >=18 years,%,Age-adjusted prevalence,38.1,,,29.7,46.6,27878,48407,HLTHOUT,OBESITY,AgeAdjPrv,Obesity,POINT (-95.1631363 30.5743884)
373,214999,2021,TX,Texas,Val Verde,BRFSS,Health Outcomes,Obesity among adults aged >=18 years,%,Age-adjusted prevalence,40.6,,,32.2,49.4,47564,48465,HLTHOUT,OBESITY,AgeAdjPrv,Obesity,POINT (-101.1433237 29.8752853)
